Table 1: Total Sales of Goods Produced and Services Provided ,,,,,,,,,,,,,,,,,,,,
,,,,,,,,,,,,,,,,,,,% Change,
,2000,2001,2002,2003,2004,2005,2006,2007,2008,2009,2010,2011,2012,2013,2014,2015,2016,2017,15/16,Jul-16
Manufacturing & Other Industry (including Primary Production),€ m,€ m,€ m,€ m,€ m,€ m,€ m,€ m,€ m,€ m,€ m,€ m,€ m,€ m,€ m,€ m,€ m,€ m,%,%
"Agriculture, Fishing, Forestry, Mining & Quarrying",14,5,0,1,1,1,2,6,6,5,8,3,8,3,6,8,7,7,-9,17
"Food, Drink & Tobacco","4,161","4,440","4,563","6,301","5,743","5,994","6,646","6,409","7,907","6,790","5,823","5,735","7,020","6,993","7,826","7,863","7,901","7,994",0,23
"Textiles, Clothing, Footware & Leather",355,343,311,231,184,177,95,76,31,27,31,26,7,7,6,4,2,2,-62,-98
Wood & Wood Products,225,243,216,205,220,238,249,283,209,135,147,212,170,236,197,200,213,205,7,-25
Paper & Printing,382,352,355,392,360,294,289,226,253,226,156,140,143,116,97,107,139,119,30,-39
Chemicals,"18,658","20,998","27,644","25,090","26,994","28,633","27,954","31,427","32,021","36,113","39,686","41,093","38,123","33,588","32,722","39,365","41,714","42,792",6,33
Rubber & Plastics,759,738,745,818,894,877,980,960,934,836,923,948,965,999,"1,015","1,241","1,283","1,372",3,34
Non-Metalic Minerals,572,604,571,488,503,402,413,420,336,236,332,319,286,272,276,290,309,312,7,-26
Basic & Fabricated Metal Products,800,794,724,715,646,649,776,758,894,421,692,738,736,717,718,803,734,870,-9,-3
"Computer, Electronic & Optical Products","19,630","19,331","16,023","14,949","16,033","16,265","20,184","19,499","18,776","9,107","8,234","8,983","9,084","8,561","9,349","12,101","12,904","12,903",7,-34
Electrical equipment,977,"1,183",866,650,996,"1,263","1,033","1,089",991,468,561,567,599,541,530,792,"1,034","1,013",30,-5
Machinery & Equipment,"1,662","1,809","1,581","1,749","1,543","1,593","1,514","1,529","1,333",994,"1,126","1,293","1,371","1,473","1,642","1,970","2,037","1,967",3,33
Transport Equipment,758,804,744,743,704,715,845,959,857,559,745,849,857,849,786,808,814,821,1,-15
Medical Device Manufacturing,"3,298","4,423","4,667","5,290","5,502","6,089","5,221","5,758","6,338","6,850","7,343","8,323","8,858","8,632","8,746","8,737","8,995","9,214",3,56
Other Misc. Manufacturing,256,265,251,226,246,268,229,248,245,235,226,230,252,266,257,304,306,319,1,23
Sub Total,"52,509","56,330","59,261","57,848","60,569","63,459","66,429","69,649","71,133","63,004","66,033","69,461","68,480","63,252","64,172","74,593","78,391","79,910",5,13
"Energy, Water, Waste & Construction",,,,,,,,,,,,,,,,,,,,
Energy,23,27,31,25,16,19,44,86,68,32,32,43,43,43,45,44,40,35,-10,-53
Recycling & Waste,0,0,0,0,0,0,0,0,0,0,0,0,0,0,0,0,0,0,0,0
Construction (Excl. EI Amendments),0,0,0,0,0,0,0,0,0,0,0,0,0,0,0,0,0,0,0,0
Construction (EI Amendments),0,0,0,0,0,0,0,0,0,0,0,0,0,0,0,0,0,0,0,0
Sub Total,23,27,31,25,16,19,44,86,68,32,32,43,43,43,45,44,40,35,-10,-53
"Information, Communications & Other Services",,,,,,,,,,,,,,,,,,,,
"Publishing, Broadcasting & Telecommunications",75,73,80,103,117,86,61,48,40,43,43,46,47,73,132,181,170,274,-6,254
     Computer Programming,"20,896","22,271","21,813","23,333","22,323","21,574","23,949","24,457","26,487","25,916","27,185","31,701","36,194","38,426","41,957","45,101","47,144","47,445",5,93
     Computer Consultancy,"2,497","2,227","2,207","2,455","2,648","4,283","7,673","10,631","11,121","10,772","10,911","13,526","16,720","18,156","19,639","24,169","28,121","28,249",16,165
     Computer Facilities Management,"2,104","2,152","2,474","2,940","3,360","5,291","5,493","5,963","5,538","4,524","4,404","4,476","4,884","5,149","5,174","5,890","6,167","6,431",5,3
Other IT & Computer Services,127,149,456,391,124,292,487,826,879,957,"1,904","2,483","3,816","5,999","8,853","12,553","17,788","18,340",42,"2,054"
Financial Services,990,981,"1,204","1,616","1,921","2,076","2,546","3,198","2,891","3,111","2,137","2,222","1,916","2,004","2,143","2,570","2,801","2,924",9,-12
Business Services,85,97,91,62,73,82,190,161,154,122,104,116,120,114,161,363,530,645,46,230
Education,0,0,0,0,0,0,0,0,0,0,0,0,0,0,3,6,13,28,117,0
Other Services,675,411,353,429,402,337,267,258,305,337,388,357,319,429,629,"1,140","1,699","2,266",49,559
Sub Total,"27,448","28,361","28,677","31,330","30,966","34,019","40,665","45,540","47,415","45,783","47,076","54,927","64,016","70,351","78,690","91,973","104,433","106,601",14,129
,,,,,,,,,,,,,,,,,,,,
Grand Total - All Sectors,"79,980","84,719","87,969","89,203","91,551","97,498","107,138","115,274","118,616","108,819","113,142","124,431","132,539","133,646","142,907","166,611","182,865","186,546",9.8,58.6
,,,,,,,,,,,,,,,,,,,,
Table 2: Total Employment,,,,,,,,,,,,,,,,,,,,
,,,,,,,,,,,,,,,,,,,% Change,
,2000,2001,2002,2003,2004,2005,2006,2007,2008,2009,2010,2011,2012,2013,2014,2015,2016,2017,15/16,Jul-16
Manufacturing & Other Industry (including Primary Production),,,,,,,,,,,,,,,,,,,%,%
"Agriculture, Fishing, Forestry, Mining & Quarrying",146,73,0,15,13,23,25,52,61,48,59,27,55,23,81,77,47,47,-39,-10
"Food, Drink & Tobacco","10,407","9,484","10,615","9,986","9,165","9,622","10,003","8,687","9,172","8,715","8,122","7,796","6,919","7,112","7,044","6,608","6,445","6,339",-2,-26
"Textiles, Clothing, Footware & Leather","3,978","2,788","2,242","1,605","1,266","1,150",855,614,252,288,220,199,92,87,62,45,27,27,-40,-96
Wood & Wood Products,"1,128","1,088",853,871,780,956,943,925,807,580,554,770,547,926,584,532,565,586,6,-39
Paper & Printing,"2,134","1,674","1,723","1,690","1,549","1,304","1,354","1,012","1,173","1,095",816,721,716,615,580,604,624,627,3,-38
Chemicals,"22,365","22,887","21,783","22,614","23,027","23,316","21,128","22,870","22,237","21,115","20,054","19,959","19,884","19,939","19,721","19,795","20,099","20,541",2,-12
Rubber & Plastics,"4,344","3,707","3,498","3,483","3,289","3,104","3,419","3,102","2,998","2,688","2,624","2,633","2,679","2,654","2,654","2,937","3,023","3,119",3,-3
Non-Metalic Minerals,"1,662","1,633","1,431","1,307","1,476","1,125","1,224","1,276","1,201",979,797,732,559,465,477,644,676,433,5,-47
Basic & Fabricated Metal Products,"3,372","3,288","3,326","3,040","2,744","2,399","2,091","1,973","2,169","1,746","1,913","1,909","1,854","1,865","1,765","1,797","1,814","1,883",1,-8
"Computer, Electronic & Optical Products","31,831","26,925","24,080","21,300","20,918","19,540","20,284","20,825","19,393","17,159","13,851","14,214","12,206","12,460","12,793","12,814","13,485","13,482",5,-35
Electrical equipment,"6,075","5,835","4,501","3,680","3,515","3,477","3,294","3,611","3,155","2,286","2,527","1,923","1,907","1,905","1,887","1,843","1,732","1,756",-6,-52
Machinery & Equipment,"11,906","9,726","8,428","8,269","7,560","7,741","6,299","5,009","4,435","3,918","4,080","4,253","4,177","4,290","4,542","5,117","4,910","4,865",-4,-2
Transport Equipment,"5,413","5,262","5,280","5,159","4,452","4,297","4,921","5,030","4,370","2,778","3,074","3,194","3,261","3,035","2,920","2,899","2,874","2,981",-1,-43
Medical Device Manufacturing,"15,442","16,447","17,379","18,605","19,605","21,927","22,391","22,543","23,210","22,362","22,548","23,425","23,452","23,119","23,005","23,858","25,070","26,013",5,11
Other Misc. Manufacturing,"2,591","2,596","2,538","2,315","2,128","2,325","1,981","1,919","1,870","1,804","1,670","1,635","1,708","1,503","1,312","1,114","1,091","1,113",-2,-43
Sub Total,"122,794","113,413","107,677","103,939","101,487","102,306","100,212","99,448","96,503","87,561","82,909","83,390","80,016","79,998","79,427","80,684","82,482","83,812",2,-17
"Energy, Water, Waste & Construction",,,,,,,,,,,,,,,,,,,,
Energy,140,165,200,150,21,28,21,20,22,23,21,28,28,36,35,34,34,34,0,70
Recycling & Waste,0,0,0,0,0,0,0,0,0,0,0,0,0,0,0,0,0,0,0,0
Construction (Excl. EI Amendments),0,0,0,0,0,0,0,0,0,0,0,0,0,0,0,0,0,0,0,0
Construction (EI Amendments),0,0,0,0,0,0,0,0,0,0,0,0,0,0,0,0,0,0,0,0
Sub Total,140,165,200,150,21,28,21,20,22,23,21,28,28,36,35,34,34,34,0,70
"Information, Communications & Other Services",,,,,,,,,,,,,,,,,,,,
"Publishing, Broadcasting & Telecommunications",145,180,182,166,220,203,158,173,144,123,125,87,38,240,310,511,695,891,36,302
     Computer Programming,"20,521","22,540","19,032","17,573","16,645","18,645","17,661","17,649","21,810","18,749","18,348","19,863","22,492","23,155","24,670","26,310","27,191","27,673",3,54
     Computer Consultancy,"12,249","10,688","11,021","11,391","12,525","11,344","13,141","11,182","10,153","9,272","11,204","12,648","13,535","13,196","12,848","14,116","15,149","16,170",7,35
     Computer Facilities Management,"6,701","7,103","6,575","8,234","9,202","10,323","7,612","9,374","7,600","6,875","7,777","8,264","8,391","8,872","7,928","8,535","9,206","10,202",8,-2
Other IT & Computer Services,901,716,"1,157",926,631,782,"1,170","1,868","1,370","1,876","3,487","3,600","4,315","5,525","5,984","6,123","7,050","7,530",15,277
Financial Services,"2,101","1,972","2,742","3,483","3,829","4,694","6,342","7,678","7,952","9,798","8,755","9,697","8,640","8,717","9,533","10,443","11,171","11,548",7,45
Business Services,819,858,878,709,982,956,"1,717","1,798","1,655","1,232","1,308","1,598","1,512","1,476","1,708","2,204","2,945","3,022",34,64
Education,0,0,0,0,0,0,0,0,0,0,0,0,0,0,36,84,175,186,108,0
Other Services,"1,087","1,035","1,027","1,214","1,197","1,035",877,832,645,"1,048","1,239","1,300","1,180","1,359","1,739","2,144","2,330","2,539",9,180
Sub Total,"44,524","45,092","42,614","43,696","45,231","47,982","48,678","50,554","51,329","48,973","52,243","57,057","60,103","62,540","64,756","70,470","75,912","79,761",8,50
,,,,,,,,,,,,,,,,,,,,
Grand Total - All Sectors,"167,458","158,670","150,491","147,785","146,739","150,316","148,911","150,022","147,854","136,557","135,173","140,475","140,147","142,574","144,218","151,188","158,428","163,607",4.8,5.6
,,,,,,,,,,,,,,,,,,,,
Table 3: Total Sales per Person Employed in Manufacturing and Int. Traded Services,,,,,,,,,,,,,,,,,,,,
,,,,,,,,,,,,,,,,,,,% Change,
,2000,2001,2002,2003,2004,2005,2006,2007,2008,2009,2010,2011,2012,2013,2014,2015,2016,2017,15/16,Jul-16
Manufacturing & Other Industry (including Primary Production),€ k,€ k,€ k,€ k,€ k,€ k,€ k,€ k,€ k,€ k,€ k,€ k,€ k,€ k,€ k,€ k,€ k,€ k,%,%
"Agriculture, Fishing, Forestry, Mining & Quarrying",96,73,0,40,52,65,95,123,106,112,131,118,136,136,79,107,159,153,49,29
"Food, Drink & Tobacco",400,468,430,631,627,623,664,738,862,779,717,736,"1,015",983,"1,111","1,190","1,226","1,261",3,66
"Textiles, Clothing, Footware & Leather",89,123,139,144,146,154,112,123,124,94,142,132,71,79,93,96,61,61,-37,-51
Wood & Wood Products,199,223,253,236,282,249,264,306,259,233,265,275,311,255,337,375,377,350,0,23
Paper & Printing,179,210,206,232,233,226,213,223,216,207,191,194,200,189,167,177,222,190,25,-1
Chemicals,834,917,"1,269","1,110","1,172","1,228","1,323","1,374","1,440","1,710","1,979","2,059","1,917","1,685","1,659","1,989","2,075","2,083",4,51
Rubber & Plastics,175,199,213,235,272,282,287,310,312,311,352,360,360,376,382,423,424,440,0,37
Non-Metalic Minerals,344,370,399,373,341,358,337,329,280,241,417,436,511,584,580,450,457,721,2,39
Basic & Fabricated Metal Products,237,242,218,235,235,271,371,384,412,241,361,386,397,384,407,447,404,462,-10,5
"Computer, Electronic & Optical Products",617,718,665,702,766,832,995,936,968,531,594,632,744,687,731,944,957,957,1,2
Electrical equipment,161,203,192,177,283,363,313,302,314,205,222,295,314,284,281,430,597,577,39,98
Machinery & Equipment,140,186,188,211,204,206,240,305,301,254,276,304,328,343,361,385,415,404,8,36
Transport Equipment,140,153,141,144,158,167,172,191,196,201,242,266,263,280,269,279,283,276,2,49
Medical Device Manufacturing,214,269,269,284,281,278,233,255,273,306,326,355,378,373,380,366,359,354,-2,40
Other Misc. Manufacturing,99,102,99,98,116,115,116,129,131,130,135,140,148,177,196,273,281,287,3,117
Sub Total,428,497,550,557,597,620,663,700,737,720,796,833,856,791,808,925,950,953,3,36
"Energy, Water, Waste & Construction",,,,,,,,,,,,,,,,,,,,
Energy,163,166,157,167,751,685,"2,080","4,284","3,076","1,400","1,534","1,534","1,534","1,184","1,275","1,304","1,173","1,021",-10,-73
Recycling & Waste,0,0,0,0,0,0,0,0,0,0,0,0,0,0,0,0,0,0,0,0
Construction (Excl. EI Amendments),0,0,0,0,0,0,0,0,0,0,0,0,0,0,0,0,0,0,0,0
Construction (EI Amendments),0,0,0,0,0,0,0,0,0,0,0,0,0,0,0,0,0,0,0,0
Sub Total,163,166,157,167,751,685,"2,080","4,284","3,076","1,400","1,534","1,534","1,534","1,184","1,275","1,304","1,173","1,021",-10,-73
"Information, Communications & Other Services",,,,,,,,,,,,,,,,,,,,
"Publishing, Broadcasting & Telecommunications",516,403,440,622,530,424,384,278,276,351,345,528,"1,226",306,425,355,245,307,-31,-12
     Computer Programming,"1,018",988,"1,146","1,328","1,341","1,157","1,356","1,386","1,214","1,382","1,482","1,596","1,609","1,659","1,701","1,714","1,734","1,714",1,25
     Computer Consultancy,204,208,200,216,211,378,584,951,"1,095","1,162",974,"1,069","1,235","1,376","1,529","1,712","1,856","1,747",8,95
     Computer Facilities Management,314,303,376,357,365,513,722,636,729,658,566,542,582,580,653,690,670,630,-3,5
Other IT & Computer Services,141,209,394,422,196,373,416,442,642,510,546,690,884,"1,086","1,479","2,050","2,523","2,436",23,471
Financial Services,471,498,439,464,502,442,401,416,364,318,244,229,222,230,225,246,251,253,2,-40
Business Services,104,113,103,87,75,85,111,89,93,99,80,73,79,77,94,165,180,213,9,102
Education,0,0,0,0,0,0,0,0,0,0,0,0,0,0,77,73,76,151,4,0
Other Services,621,397,344,354,336,325,304,310,472,322,313,274,270,316,361,531,729,892,37,135
Sub Total,616,629,673,717,685,709,835,901,924,935,901,963,"1,065","1,125","1,215","1,305","1,376","1,337",5,53
,,,,,,,,,,,,,,,,,,,,
Grand Total - All Sectors,478,534,585,604,624,649,719,768,802,797,837,886,946,937,991,"1,102","1,154","1,140",4.7,50.2
,,,,,,,,,,,,,,,,,,,,
Table 4: Total Exports,,,,,,,,,,,,,,,,,,,,
,,,,,,,,,,,,,,,,,,,% Change,
,2000,2001,2002,2003,2004,2005,2006,2007,2008,2009,2010,2011,2012,2013,2014,2015,2016,2017,15/16,Jul-16
Manufacturing & Other Industry (including Primary Production),€ m,€ m,€ m,€ m,€ m,€ m,€ m,€ m,€ m,€ m,€ m,€ m,€ m,€ m,€ m,€ m,€ m,€ m,%,%
"Agriculture, Fishing, Forestry, Mining & Quarrying",5,4,0,1,1,1,2,3,4,3,5,3,5,1,4,6,4,4,-28,23
"Food, Drink & Tobacco","2,601","2,868","2,770","4,596","4,203","4,425","5,034","5,077","6,385","5,375","4,621","4,563","5,838","6,009","6,850","6,858","6,873","6,944",0,35
"Textiles, Clothing, Footware & Leather",311,316,288,219,173,164,86,69,25,22,27,22,5,6,5,4,2,2,-57,-98
Wood & Wood Products,169,186,170,159,173,186,194,207,162,113,124,179,151,207,168,168,181,175,8,-13
Paper & Printing,173,142,159,133,116,102,77,71,72,69,52,27,19,13,15,14,15,17,7,-78
Chemicals,"17,860","20,403","27,190","24,580","26,484","28,171","27,569","30,966","31,596","35,700","39,134","40,475","37,640","32,962","32,047","38,851","41,220","42,284",6,33
Rubber & Plastics,539,579,569,627,704,687,722,746,732,672,769,798,807,849,871,"1,085","1,131","1,223",4,52
Non-Metalic Minerals,402,409,402,328,325,261,297,321,269,174,275,291,261,244,250,242,257,256,6,-20
Basic & Fabricated Metal Products,660,648,605,631,580,615,703,695,771,382,649,691,696,678,692,769,698,833,-9,0
"Computer, Electronic & Optical Products","18,170","18,178","15,307","14,368","15,520","15,661","19,754","19,110","18,481","8,935","8,165","8,908","9,027","8,510","9,163","11,883","12,680","12,674",7,-34
Electrical equipment,771,964,794,566,842,"1,098",880,907,875,415,494,480,498,432,427,697,842,809,21,-7
Machinery & Equipment,"1,413","1,647","1,408","1,562","1,408","1,450","1,425","1,446","1,259",930,"1,089","1,253","1,280","1,310","1,514","1,822","1,811","1,780",-1,25
Transport Equipment,659,721,684,674,646,652,779,871,774,556,740,843,851,847,785,806,811,818,1,-7
Medical Device Manufacturing,"2,963","4,344","4,580","5,168","5,349","5,938","5,054","5,582","6,205","6,730","7,345","8,346","8,895","8,657","8,746","8,616","8,878","9,082",3,59
Other Misc. Manufacturing,252,254,243,221,240,255,218,238,234,229,218,218,247,262,253,299,300,313,0,26
Sub Total,"46,950","51,664","55,170","53,832","56,766","59,666","62,795","66,308","67,843","60,304","63,708","67,098","66,220","60,986","61,791","72,121","75,703","77,214",5,14
"Energy, Water, Waste & Construction",,,,,,,,,,,,,,,,,,,,
Energy,23,27,31,20,12,17,38,32,26,32,32,42,42,40,44,44,39,34,-12,24
Recycling & Waste,0,0,0,0,0,0,0,0,0,0,0,0,0,0,0,0,0,0,0,0
Construction (Excl. EI Amendments),0,0,0,0,0,0,0,0,0,0,0,0,0,0,0,0,0,0,0,0
Construction (EI Amendments),0,0,0,0,0,0,0,0,0,0,0,0,0,0,0,0,0,0,0,0
Sub Total,23,27,31,20,12,17,38,32,26,32,32,42,42,40,44,44,39,34,-12,24
"Information, Communications & Other Services",,,,,,,,,,,,,,,,,,,,
"Publishing, Broadcasting & Telecommunications",69,69,78,102,115,85,39,17,35,34,35,41,45,71,128,179,159,260,-11,820
     Computer Programming,"19,949","21,361","20,857","22,501","21,520","20,766","22,847","23,329","25,383","24,967","26,227","30,731","35,063","37,024","40,414","43,560","45,108","45,342",4,93
     Computer Consultancy,"2,041","2,000","1,853","2,278","2,438","4,039","7,423","10,339","10,797","10,534","10,587","13,088","15,998","17,116","19,164","23,678","27,472","27,627",16,166
     Computer Facilities Management,"1,913","1,905","1,994","2,472","2,930","4,766","5,051","5,289","5,067","4,090","3,994","3,996","4,369","4,545","4,721","5,293","5,549","5,799",5,5
Other IT & Computer Services,78,136,386,348,96,249,427,745,808,894,"1,667","2,383","3,691","5,857","8,742","12,460","17,679","18,214",42,"2,274"
Financial Services,786,813,974,"1,349","1,616","1,758","2,199","2,733","2,277","2,427","1,444","1,417","1,254","1,233","1,273","1,654","1,766","1,862",7,-35
Business Services,72,82,75,59,61,59,61,65,59,47,31,62,59,66,121,305,447,556,46,591
Education,0,0,0,0,0,0,0,0,0,0,0,0,0,0,1,5,10,21,101,0
Other Services,451,296,230,249,231,216,266,257,304,337,387,357,319,417,509,"1,050","1,576","2,096",50,512
Sub Total,"25,358","26,662","26,447","29,357","29,008","31,937","38,314","42,773","44,729","43,330","44,372","52,075","60,798","66,329","75,074","88,184","99,766","101,777",13,133
,,,,,,,,,,,,,,,,,,,,
Grand Total - All Sectors,"72,331","78,353","81,647","83,209","85,786","91,619","101,146","109,113","112,598","103,665","108,111","119,215","127,060","127,355","136,909","160,349","175,508","179,025",9.5,60.8
,,,,,,,,,,,,,,,,,,,,
Table 5: Total Exports  as a percentage of Total Sales in Manufacturing and Int. Traded Services ,,,,,,,,,,,,,,,,,,,,
,,,,,,,,,,,,,,,,,,,% Change,
,2000,2001,2002,2003,2004,2005,2006,2007,2008,2009,2010,2011,2012,2013,2014,2015,2016,2017,15/16,Jul-16
Manufacturing & Other Industry (including Primary Production),%,%,%,%,%,%,%,%,%,%,%,%,%,%,%,%,%,%,%,%
"Agriculture, Fishing, Forestry, Mining & Quarrying",36,84,0,100,100,100,100,52,54,61,70,100,70,46,62,69,55,59,-20,5
"Food, Drink & Tobacco",62,65,61,73,73,74,76,79,81,79,79,80,83,86,88,87,87,87,0,10
"Textiles, Clothing, Footware & Leather",88,92,92,94,94,92,91,91,81,82,87,86,81,81,80,86,98,98,14,8
Wood & Wood Products,75,77,79,77,79,78,78,73,78,83,84,84,89,88,85,84,85,85,1,16
Paper & Printing,45,40,45,34,32,34,27,31,28,31,33,19,13,11,16,13,11,14,-18,-65
Chemicals,96,97,98,98,98,98,99,99,99,99,99,98,99,98,98,99,99,99,0,0
Rubber & Plastics,71,78,76,77,79,78,74,78,78,80,83,84,84,85,86,87,88,89,1,14
Non-Metalic Minerals,70,68,70,67,65,65,72,76,80,74,83,91,91,90,90,84,83,82,-1,9
Basic & Fabricated Metal Products,83,82,84,88,90,95,91,92,86,91,94,94,95,95,96,96,95,96,-1,4
"Computer, Electronic & Optical Products",93,94,96,96,97,96,98,98,98,98,99,99,99,99,98,98,98,98,0,0
Electrical equipment,79,82,92,87,85,87,85,83,88,89,88,85,83,80,81,88,81,80,-7,-2
Machinery & Equipment,85,91,89,89,91,91,94,95,94,94,97,97,93,89,92,92,89,91,-4,-6
Transport Equipment,87,90,92,91,92,91,92,91,90,99,99,99,99,100,100,100,100,100,0,10
Medical Device Manufacturing,90,98,98,98,97,98,97,97,98,98,100,100,100,100,100,99,99,99,0,2
Other Misc. Manufacturing,99,96,97,98,98,95,95,96,96,97,96,95,98,99,99,98,98,98,0,2
Sub Total,89,92,93,93,94,94,95,95,95,96,96,97,97,96,96,97,97,97,0,1
"Energy, Water, Waste & Construction",,,,,,,,,,,,,,,,,,,,
Energy,100,100,99,80,79,88,86,37,39,98,98,98,98,93,99,99,98,99,-2,165
Recycling & Waste,0,0,0,0,0,0,0,0,0,0,0,0,0,0,0,0,0,0,0,0
Construction (Excl. EI Amendments),0,0,0,0,0,0,0,0,0,0,0,0,0,0,0,0,0,0,0,0
Construction (EI Amendments),0,0,0,0,0,0,0,0,0,0,0,0,0,0,0,0,0,0,0,0
Sub Total,100,100,99,80,79,88,86,37,39,98,98,98,98,93,99,99,98,99,-2,165
"Information, Communications & Other Services",,,,,,,,,,,,,,,,,,,,
"Publishing, Broadcasting & Telecommunications",92,95,98,98,98,99,64,36,87,79,80,89,96,97,97,99,94,95,-5,160
     Computer Programming,95,96,96,96,96,96,95,95,96,96,96,97,97,96,96,97,96,96,-1,0
     Computer Consultancy,82,90,84,93,92,94,97,97,97,98,97,97,96,94,98,98,98,98,0,0
     Computer Facilities Management,91,88,81,84,87,90,92,89,91,90,91,89,89,88,91,90,90,90,0,1
Other IT & Computer Services,61,91,85,89,78,85,88,90,92,93,88,96,97,98,99,99,99,99,0,10
Financial Services,79,83,81,83,84,85,86,85,79,78,68,64,65,62,59,64,63,64,-2,-26
Business Services,85,85,82,96,83,73,32,40,38,38,30,53,49,58,76,84,84,86,0,109
Education,0,0,0,0,0,0,0,0,0,0,0,0,0,0,49,79,73,76,-8,0
Other Services,67,72,65,58,58,64,100,100,100,100,100,100,100,97,81,92,93,93,1,-7
Sub Total,92,94,92,94,94,94,94,94,94,95,94,95,95,94,95,96,96,95,0,2
,,,,,,,,,,,,,,,,,,,,
Grand Total - All Sectors,90,92,93,93,94,94,94,95,95,95,96,96,96,95,96,96,96,96,-0.3,1.4
,,,,,,,,,,,,,,,,,,,,
Table 6: Total Payroll Costs,,,,,,,,,,,,,,,,,,,,
,,,,,,,,,,,,,,,,,,,% Change,
,2000,2001,2002,2003,2004,2005,2006,2007,2008,2009,2010,2011,2012,2013,2014,2015,2016,,15/16,Jul-16
Manufacturing & Other Industry (including Primary Production),€ m,€ m,€ m,€ m,€ m,€ m,€ m,€ m,€ m,€ m,€ m,€ m,€ m,€ m,€ m,€ m,€ m,,%,%
"Agriculture, Fishing, Forestry, Mining & Quarrying",4,2,0,0,0,0,1,3,3,2,3,1,3,2,3,3,3,,-21,6
"Food, Drink & Tobacco",435,448,496,503,498,544,597,533,637,589,579,561,502,543,530,526,509,,-3,-4
"Textiles, Clothing, Footware & Leather",86,81,65,47,39,37,28,21,10,10,9,9,3,4,3,3,2,,-42,-92
Wood & Wood Products,33,38,33,34,35,38,42,43,43,30,29,40,29,45,29,29,30,,5,-30
Paper & Printing,76,66,67,70,70,57,61,50,58,55,38,34,37,31,28,29,30,,5,-40
Chemicals,947,"1,032","1,096","1,197","1,309","1,391","1,355","1,525","1,561","1,489","1,479","1,487","1,494","1,576","1,628","1,766","1,822",,3,19
Rubber & Plastics,117,117,114,125,122,117,136,135,139,119,129,127,133,134,136,154,161,,4,19
Non-Metalic Minerals,73,86,76,67,81,64,78,80,75,49,46,50,35,35,33,40,43,,7,-46
Basic & Fabricated Metal Products,110,123,127,129,123,118,113,106,123,99,114,112,115,114,118,119,121,,2,15
"Computer, Electronic & Optical Products","1,201","1,188",905,875,922,906,"1,032","1,123","1,051","1,048",748,788,710,768,839,927,"1,020",,10,-9
Electrical equipment,154,173,125,115,134,140,138,163,144,121,129,93,91,91,95,96,103,,8,-37
Machinery & Equipment,378,359,324,314,304,322,268,247,213,195,198,218,214,229,246,273,283,,4,15
Transport Equipment,174,190,185,190,187,184,210,250,245,127,143,156,165,164,162,167,169,,1,-32
Medical Device Manufacturing,435,507,586,646,725,837,932,"1,005","1,036","1,034","1,125","1,160","1,209","1,213","1,271","1,416","1,506",,6,50
Other Misc. Manufacturing,74,80,82,80,86,93,86,84,86,84,80,74,83,81,74,68,65,,-4,-22
Sub Total,"4,296","4,490","4,282","4,393","4,636","4,848","5,076","5,368","5,424","5,052","4,848","4,910","4,821","5,028","5,196","5,616","5,867",,4,9
"Energy, Water, Waste & Construction",,,,,,,,,,,,,,,,,,,,
Energy,11,13,8,6,1,1,4,54,35,2,2,3,3,3,3,3,4,,3,-93
Recycling & Waste,0,0,0,0,0,0,0,0,0,0,0,0,0,0,0,0,0,,0,0
Construction (Excl. EI Amendments),0,0,0,0,0,0,0,0,0,0,0,0,0,0,0,0,0,,0,0
Construction (EI Amendments),0,0,0,0,0,0,0,0,0,0,0,0,0,0,0,0,0,,0,0
Sub Total,11,13,8,6,1,1,4,54,35,2,2,3,3,3,3,3,4,,3,-93
"Information, Communications & Other Services",,,,,,,,,,,,,,,,,,,,
"Publishing, Broadcasting & Telecommunications",4,5,6,5,7,8,7,8,6,6,5,6,3,20,28,41,45,,9,454
     Computer Programming,943,"1,136","1,094","1,052",987,"1,088","1,105","1,128","1,391","1,270","1,226","1,297","1,487","1,648","1,805","2,000","2,137",,7,89
     Computer Consultancy,392,410,399,382,435,456,532,517,504,479,643,780,826,845,899,922,"1,057",,15,104
     Computer Facilities Management,218,280,259,320,425,474,410,527,481,454,482,506,532,581,521,583,616,,6,17
Other IT & Computer Services,41,29,53,44,34,37,62,100,76,95,188,234,297,371,422,480,557,,16,456
Financial Services,116,122,159,198,235,306,408,460,536,665,583,655,614,630,728,774,863,,11,87
Business Services,26,31,31,25,30,34,89,81,70,63,57,70,65,78,100,151,201,,33,149
Education,0,0,0,0,0,0,0,0,0,0,0,0,0,0,3,5,13,,137,0
Other Services,42,36,37,55,55,51,32,30,27,63,67,65,54,67,87,109,137,,26,356
Sub Total,"1,781","2,048","2,037","2,081","2,209","2,454","2,644","2,852","3,092","3,095","3,250","3,612","3,877","4,239","4,593","5,067","5,626",,11,97
,,,,,,,,,,,,,,,,,,,,
Grand Total - All Sectors,"6,089","6,551","6,328","6,481","6,847","7,303","7,724","8,274","8,552","8,149","8,100","8,525","8,701","9,270","9,791","10,687","11,496",,7.6,38.9
,,,,,,,,,,,,,,,,,,,,
Table 7: Total Payroll Costs per Person Employed in Manufacturing and Int. Traded Services,,,,,,,,,,,,,,,,,,,,
,,,,,,,,,,,,,,,,,,,% Change,
,2000,2001,2002,2003,2004,2005,2006,2007,2008,2009,2010,2011,2012,2013,2014,2015,2016,,15/16,Jul-16
Manufacturing & Other Industry (including Primary Production),€ k,€ k,€ k,€ k,€ k,€ k,€ k,€ k,€ k,€ k,€ k,€ k,€ k,€ k,€ k,€ k,€ k,,%,%
"Agriculture, Fishing, Forestry, Mining & Quarrying",24,23,0,15,17,19,24,50,44,49,51,30,46,67,36,45,58,,30,17
"Food, Drink & Tobacco",42,47,47,50,54,56,60,61,69,68,71,72,73,76,75,80,79,,-1,29
"Textiles, Clothing, Footware & Leather",22,29,29,30,31,33,33,35,41,35,42,47,38,41,56,70,68,,-4,93
Wood & Wood Products,29,35,39,39,45,39,44,47,53,52,52,52,54,49,49,54,54,,-1,15
Paper & Printing,36,39,39,41,45,44,45,50,49,51,47,47,52,51,48,48,48,,2,-3
Chemicals,42,45,50,53,57,60,64,67,70,71,74,75,75,79,83,89,91,,2,36
Rubber & Plastics,27,32,33,36,37,38,40,44,46,44,49,48,50,50,51,52,53,,1,22
Non-Metalic Minerals,44,53,53,51,55,57,64,63,63,50,57,68,63,74,69,62,64,,2,1
Basic & Fabricated Metal Products,33,37,38,42,45,49,54,54,57,57,60,59,62,61,67,66,67,,1,25
"Computer, Electronic & Optical Products",38,44,38,41,44,46,51,54,54,61,54,55,58,62,66,72,76,,5,40
Electrical equipment,25,30,28,31,38,40,42,45,45,53,51,48,47,48,50,52,60,,15,32
Machinery & Equipment,32,37,38,38,40,42,43,49,48,50,49,51,51,53,54,53,58,,8,17
Transport Equipment,32,36,35,37,42,43,43,50,56,46,46,49,50,54,56,57,59,,2,18
Medical Device Manufacturing,28,31,34,35,37,38,42,45,45,46,50,50,52,52,55,59,60,,1,35
Other Misc. Manufacturing,29,31,32,35,40,40,43,44,46,47,48,45,49,54,56,61,60,,-2,36
Sub Total,35,40,40,42,46,47,51,54,56,58,58,59,60,63,65,70,71,,2,32
"Energy, Water, Waste & Construction",,,,,,,,,,,,,,,,,,,,
Energy,77,78,41,42,60,49,180,"2,708","1,610",94,102,102,102,87,87,102,104,,3,-96
Recycling & Waste,0,0,0,0,0,0,0,0,0,0,0,0,0,0,0,0,0,,0,0
Construction (Excl. EI Amendments),0,0,0,0,0,0,0,0,0,0,0,0,0,0,0,0,0,,0,0
Construction (EI Amendments),0,0,0,0,0,0,0,0,0,0,0,0,0,0,0,0,0,,0,0
Sub Total,77,78,41,42,60,49,180,"2,708","1,610",94,102,102,102,87,87,102,104,,3,-96
"Information, Communications & Other Services",,,,,,,,,,,,,,,,,,,,
"Publishing, Broadcasting & Telecommunications",26,30,31,32,33,38,42,47,43,49,37,66,79,81,89,81,65,,-20,38
     Computer Programming,46,50,57,60,59,58,63,64,64,68,67,65,66,71,73,76,79,,3,23
     Computer Consultancy,32,38,36,34,35,40,40,46,50,52,57,62,61,64,70,65,70,,7,51
     Computer Facilities Management,33,39,39,39,46,46,54,56,63,66,62,61,63,65,66,68,67,,-2,19
Other IT & Computer Services,45,40,46,48,55,47,53,54,56,51,54,65,69,67,71,78,79,,1,47
Financial Services,55,62,58,57,61,65,64,60,67,68,67,68,71,72,76,74,77,,4,29
Business Services,31,36,35,36,31,36,52,45,42,51,44,44,43,53,59,69,68,,-1,52
Education,0,0,0,0,0,0,0,0,0,0,0,0,0,0,73,65,74,,14,0
Other Services,39,34,36,45,46,49,36,36,42,60,54,50,45,50,50,51,59,,15,63
Sub Total,40,45,48,48,49,51,54,56,60,63,62,63,65,68,71,72,74,,3,31
,,,,,,,,,,,,,,,,,,,,
Grand Total - All Sectors,36,41,42,44,47,49,52,55,58,60,60,61,62,65,68,71,73,,2.7,31.6
,,,,,,,,,,,,,,,,,,,,
Table 8: Total Cost of Materials,,,,,,,,,,,,,,,,,,,,
,,,,,,,,,,,,,,,,,,,% Change,
,2000,2001,2002,2003,2004,2005,2006,2007,2008,2009,2010,2011,2012,2013,2014,2015,2016,,15/16,Jul-16
Manufacturing & Other Industry (including Primary Production),€ m,€ m,€ m,€ m,€ m,€ m,€ m,€ m,€ m,€ m,€ m,€ m,€ m,€ m,€ m,€ m,€ m,,%,%
"Agriculture, Fishing, Forestry, Mining & Quarrying",7,1,0,0,0,0,0,2,2,2,2,1,3,1,3,4,1,,-79,-60
"Food, Drink & Tobacco","1,026","1,111","1,127","1,100","1,141","1,219","1,348","1,425","1,688","1,497","1,286","1,416","1,608","1,804","1,984","1,885","1,736",,-8,22
"Textiles, Clothing, Footware & Leather",217,202,113,69,66,59,46,37,14,11,15,15,3,4,3,2,0,,-78,-99
Wood & Wood Products,101,107,78,78,84,95,99,115,102,69,69,99,82,111,95,92,95,,3,-17
Paper & Printing,190,169,161,137,122,101,88,72,89,90,72,64,58,59,54,49,50,,1,-31
Chemicals,"3,107","3,394","3,891","4,078","4,383","4,336","5,043","5,937","5,138","5,365","6,830","7,620","7,234","6,844","7,481","8,251","8,495",,3,43
Rubber & Plastics,312,271,251,298,310,303,359,342,343,286,310,328,339,345,451,425,434,,2,27
Non-Metalic Minerals,223,187,154,125,128,95,113,119,91,88,180,152,139,135,134,134,137,,2,16
Basic & Fabricated Metal Products,337,373,388,355,302,298,459,490,626,285,435,482,500,490,470,508,460,,-9,-6
"Computer, Electronic & Optical Products","10,045","9,632","9,448","9,471","9,017","9,572","11,423","10,903","11,166","3,123","2,062","2,168","1,870","1,992","1,919","2,434","2,607",,7,-76
Electrical equipment,551,745,524,495,604,557,495,503,434,192,234,237,272,248,238,340,568,,67,13
Machinery & Equipment,917,902,810,741,670,712,680,684,590,468,527,632,724,820,934,"1,097","1,165",,6,70
Transport Equipment,405,404,362,357,354,361,421,435,377,269,355,414,422,429,390,415,422,,2,-3
Medical Device Manufacturing,"1,095","1,722","1,722","2,212","2,347","2,219","1,673","1,763","1,807","1,653","1,737","1,889","1,907","1,914","2,046","1,992","2,329",,17,32
Other Misc. Manufacturing,113,116,69,58,65,95,85,89,86,81,78,81,88,95,93,119,130,,10,46
Sub Total,"18,645","19,335","19,098","19,574","19,592","20,021","22,334","22,916","22,553","13,480","14,193","15,594","15,249","15,292","16,295","17,748","18,630",,5,-19
"Energy, Water, Waste & Construction",,,,,,,,,,,,,,,,,,,,
Energy,11,14,16,13,12,13,36,24,21,0,0,0,0,0,0,0,0,,0,-100
Recycling & Waste,0,0,0,0,0,0,0,0,0,0,0,0,0,0,0,0,0,,0,0
Construction (Excl. EI Amendments),0,0,0,0,0,0,0,0,0,0,0,0,0,0,0,0,0,,0,0
Construction (EI Amendments),0,0,0,0,0,0,0,0,0,0,0,0,0,0,0,0,0,,0,0
Sub Total,11,14,16,13,12,13,36,24,21,0,0,0,0,0,0,0,0,,0,-100
"Information, Communications & Other Services",,,,,,,,,,,,,,,,,,,,
"Publishing, Broadcasting & Telecommunications",9,6,6,6,6,7,6,7,5,5,5,5,5,14,12,6,10,,62,44
     Computer Programming,"4,686","4,156","3,760","3,772","3,615","3,549","3,848","3,839","4,096","3,903","3,855","3,736","4,084","4,661","5,413","4,867","5,009",,3,30
     Computer Consultancy,962,782,"1,123","1,099",904,"1,219","1,611","1,166",364,64,54,86,96,87,66,77,77,,-1,-93
     Computer Facilities Management,724,745,741,920,950,922,907,"1,025","1,103",748,684,510,652,731,727,880,975,,11,-5
Other IT & Computer Services,62,10,164,132,12,194,81,134,178,211,222,232,422,586,"1,112",920,908,,-1,580
Financial Services,4,2,3,3,1,1,3,4,1,3,2,2,1,1,1,0,0,,-8,-91
Business Services,13,14,12,10,14,15,71,46,50,49,26,24,25,12,10,15,21,,35,-55
Education,0,0,0,0,0,0,0,0,0,0,0,0,0,0,0,0,0,,0,0
Other Services,345,262,239,281,302,212,200,220,282,302,327,263,241,233,247,284,257,,-9,17
Sub Total,"6,805","5,977","6,049","6,223","5,803","6,118","6,727","6,440","6,079","5,284","5,176","4,858","5,527","6,326","7,589","7,049","7,258",,3,13
,,,,,,,,,,,,,,,,,,,,
Grand Total - All Sectors,"25,461","25,325","25,162","25,810","25,407","26,152","29,097","29,380","28,652","18,765","19,369","20,452","20,776","21,618","23,884","24,798","25,888",,4.4,-11.9
,,,,,,,,,,,,,,,,,,,,
Table 9: Total Cost of Materials Sourced in Ireland,,,,,,,,,,,,,,,,,,,,
,,,,,,,,,,,,,,,,,,,% Change,
,2000,2001,2002,2003,2004,2005,2006,2007,2008,2009,2010,2011,2012,2013,2014,2015,2016,,15/16,Jul-16
Manufacturing & Other Industry (including Primary Production),€ m,€ m,€ m,€ m,€ m,€ m,€ m,€ m,€ m,€ m,€ m,€ m,€ m,€ m,€ m,€ m,€ m,,%,%
"Agriculture, Fishing, Forestry, Mining & Quarrying",5,1,0,0,0,0,0,0,1,0,0,1,1,0,0,1,0,,-41,30
"Food, Drink & Tobacco",668,732,763,701,655,678,763,709,868,800,740,785,890,875,907,799,775,,-3,9
"Textiles, Clothing, Footware & Leather",53,52,36,11,9,7,2,1,1,0,0,0,0,0,0,0,0,,-30,-82
Wood & Wood Products,58,60,53,52,57,67,69,84,77,51,60,88,76,105,87,74,76,,2,-9
Paper & Printing,82,76,27,19,16,14,13,11,13,17,14,12,9,8,6,8,9,,10,-19
Chemicals,457,585,743,694,630,529,524,548,452,410,464,532,518,483,498,522,533,,2,-3
Rubber & Plastics,68,42,48,53,43,35,32,33,35,31,31,32,42,41,64,63,64,,1,92
Non-Metalic Minerals,64,43,32,17,21,15,10,10,7,6,6,6,4,5,6,9,8,,-6,-20
Basic & Fabricated Metal Products,76,105,110,91,77,48,66,62,74,28,42,47,49,49,48,24,25,,4,-59
"Computer, Electronic & Optical Products","1,645","1,638","1,090","1,018",729,545,622,580,586,173,175,189,152,185,202,230,231,,1,-60
Electrical equipment,90,203,182,212,245,176,113,114,97,32,32,35,36,37,34,20,20,,-2,-83
Machinery & Equipment,229,235,358,323,251,242,147,132,114,75,90,116,141,136,162,201,214,,7,62
Transport Equipment,154,160,171,48,34,21,39,40,20,16,23,26,29,32,28,31,32,,3,-21
Medical Device Manufacturing,205,265,320,302,311,284,311,343,314,338,390,456,489,506,513,485,551,,14,61
Other Misc. Manufacturing,29,39,29,22,22,20,21,22,22,20,20,20,22,18,17,20,22,,12,2
Sub Total,"3,883","4,237","3,962","3,563","3,099","2,680","2,732","2,689","2,681","1,998","2,088","2,346","2,458","2,481","2,572","2,487","2,561",,3,-5
"Energy, Water, Waste & Construction",,,,,,,,,,,,,,,,,,,,
Energy,1,1,2,7,1,1,4,2,2,0,0,0,0,0,0,0,0,,0,-100
Recycling & Waste,0,0,0,0,0,0,0,0,0,0,0,0,0,0,0,0,0,,0,0
Construction (Excl. EI Amendments),0,0,0,0,0,0,0,0,0,0,0,0,0,0,0,0,0,,0,0
Construction (EI Amendments),0,0,0,0,0,0,0,0,0,0,0,0,0,0,0,0,0,,0,0
Sub Total,1,1,2,7,1,1,4,2,2,0,0,0,0,0,0,0,0,,0,-100
"Information, Communications & Other Services",,,,,,,,,,,,,,,,,,,,
"Publishing, Broadcasting & Telecommunications",3,1,1,1,1,1,1,1,1,1,1,1,1,2,1,1,1,,62,44
     Computer Programming,869,931,673,506,525,360,390,345,362,310,238,218,174,193,240,149,168,,13,-51
     Computer Consultancy,95,84,63,238,165,150,73,77,86,37,9,17,17,14,3,3,2,,-25,-97
     Computer Facilities Management,27,27,25,69,61,42,33,39,28,20,28,35,40,35,27,50,46,,-8,18
Other IT & Computer Services,25,2,53,21,11,9,7,21,7,8,7,69,142,177,274,287,269,,-6,"1,203"
Financial Services,4,2,3,3,1,1,2,2,1,2,2,1,1,1,1,0,0,,-8,-85
Business Services,4,5,4,2,3,3,53,31,35,35,21,19,20,6,5,7,10,,44,-67
Education,0,0,0,0,0,0,0,0,0,0,0,0,0,0,0,0,0,,0,0
Other Services,151,96,76,121,123,57,14,15,14,15,16,13,12,12,2,3,2,,-11,-84
Sub Total,"1,178","1,148",896,960,889,622,573,530,532,427,322,372,406,440,554,500,499,,0,-6
,,,,,,,,,,,,,,,,,,,,
Grand Total - All Sectors,"5,062","5,386","4,859","4,529","3,989","3,303","3,308","3,221","3,215","2,424","2,410","2,718","2,864","2,920","3,126","2,987","3,060",,2.5,-5
,,,,,,,,,,,,,,,,,,,,
Table 10: Irish-Sourced Materials as a Percentage of Total Materials,,,,,,,,,,,,,,,,,,,,
,,,,,,,,,,,,,,,,,,,% Change,
,2000,2001,2002,2003,2004,2005,2006,2007,2008,2009,2010,2011,2012,2013,2014,2015,2016,,15/16,Jul-16
Manufacturing & Other Industry (including Primary Production),%,%,%,%,%,%,%,%,%,%,%,,,,,,,,%,%
"Agriculture, Fishing, Forestry, Mining & Quarrying",67,100,0,100,100,100,100,18,27,21,24,100,28,0,17,21,60,,181,229
"Food, Drink & Tobacco",65,66,68,64,57,56,57,50,51,53,58,55,55,48,46,42,45,,5,-10
"Textiles, Clothing, Footware & Leather",25,26,32,16,14,12,4,2,5,2,2,3,6,6,10,10,34,,226,"1,293"
Wood & Wood Products,58,56,67,67,68,70,70,73,76,74,88,89,92,94,91,81,80,,-1,10
Paper & Printing,43,45,17,14,13,14,14,15,14,19,19,20,16,14,12,17,18,,9,18
Chemicals,15,17,19,17,14,12,10,9,9,8,7,7,7,7,7,6,6,,-1,-32
Rubber & Plastics,22,16,19,18,14,12,9,10,10,11,10,10,12,12,14,15,15,,-1,51
Non-Metalic Minerals,29,23,21,13,16,16,9,8,8,6,3,4,3,4,4,6,6,,-8,-30
Basic & Fabricated Metal Products,22,28,28,26,25,16,14,13,12,10,10,10,10,10,10,5,5,,15,-57
"Computer, Electronic & Optical Products",16,17,12,11,8,6,5,5,5,6,8,9,8,9,11,9,9,,-6,67
Electrical equipment,16,27,35,43,41,32,23,23,22,17,14,15,13,15,14,6,3,,-41,-85
Machinery & Equipment,25,26,44,44,37,34,22,19,19,16,17,18,19,17,17,18,18,,0,-5
Transport Equipment,38,40,47,13,9,6,9,9,5,6,7,6,7,7,7,7,7,,1,-19
Medical Device Manufacturing,19,15,19,14,13,13,19,19,17,20,22,24,26,26,25,24,24,,-3,22
Other Misc. Manufacturing,25,34,42,37,34,21,24,25,26,24,26,25,25,19,18,17,17,,2,-30
Sub Total,21,22,21,18,16,13,12,12,12,15,15,15,16,16,16,14,14,,-2,17
"Energy, Water, Waste & Construction",,,,,,,,,,,,,,,,,,,,
Energy,10,10,10,54,10,10,10,10,10,0,0,0,0,0,0,0,0,,0,-100
Recycling & Waste,0,0,0,0,0,0,0,0,0,0,0,0,0,0,0,0,0,,0,0
Construction (Excl. EI Amendments),0,0,0,0,0,0,0,0,0,0,0,0,0,0,0,0,0,,0,0
Construction (EI Amendments),0,0,0,0,0,0,0,0,0,0,0,0,0,0,0,0,0,,0,0
Sub Total,10,10,10,54,10,10,10,10,10,0,0,0,0,0,0,0,0,,0,-100
"Information, Communications & Other Services",,,,,,,,,,,,,,,,,,,,
"Publishing, Broadcasting & Telecommunications",37,12,11,10,10,10,10,10,10,10,10,10,10,12,10,10,10,,0,0
     Computer Programming,19,22,18,13,15,10,10,9,9,8,6,6,4,4,4,3,3,,9,-63
     Computer Consultancy,10,11,6,22,18,12,5,7,23,59,17,20,18,16,5,4,3,,-25,-53
     Computer Facilities Management,4,4,3,7,6,5,4,4,3,3,4,7,6,5,4,6,5,,-17,24
Other IT & Computer Services,41,22,32,16,89,4,9,15,4,4,3,30,34,30,25,31,30,,-5,92
Financial Services,85,100,96,99,100,100,61,59,100,78,75,45,59,70,77,100,100,,0,69
Business Services,35,32,31,23,22,23,75,67,70,70,79,78,79,51,48,46,49,,7,-27
Education,0,0,0,0,0,0,0,0,0,0,0,0,0,0,0,0,100,,0,0
Other Services,44,37,32,43,41,27,7,7,5,5,5,5,5,5,1,1,1,,-2,-87
Sub Total,17,19,15,15,15,10,9,8,9,8,6,8,7,7,7,7,7,,-3,-16
,,,,,,,,,,,,,,,,,,,,
Grand Total - All Sectors,20,21,19,18,16,13,11,11,11,13,12,13,14,14,13,12,12,,-1.9,7.8
,,,,,,,,,,,,,,,,,,,,
Table 11: Total Cost of Services (including Royalties),,,,,,,,,,,,,,,,,,,,
,,,,,,,,,,,,,,,,,,,% Change,
,2000,2001,2002,2003,2004,2005,2006,2007,2008,2009,2010,2011,2012,2013,2014,2015,2016,,15/16,Jul-16
Manufacturing & Other Industry (including Primary Production),€ m,€ m,€ m,€ m,€ m,€ m,€ m,€ m,€ m,€ m,€ m,€ m,€ m,€ m,€ m,€ m,€ m,,%,%
"Agriculture, Fishing, Forestry, Mining & Quarrying",4,1,0,0,0,0,0,1,1,2,1,0,1,0,2,1,2,,88,104
"Food, Drink & Tobacco","1,203","1,211","1,356","1,626","2,151","2,246","2,385","2,660","2,919","2,469","1,651","1,976","1,812","1,761","2,129","2,159","2,217",,3,-17
"Textiles, Clothing, Footware & Leather",66,65,53,44,39,31,12,11,4,4,4,4,2,2,2,2,1,,-30,-90
Wood & Wood Products,69,76,67,58,53,67,67,81,59,56,48,56,51,75,52,50,61,,22,-25
Paper & Printing,63,67,53,60,54,47,41,32,34,34,25,22,23,15,14,17,26,,52,-20
Chemicals,"5,050","5,650","6,678","8,226","7,661","8,389","11,704","12,112","13,442","14,317","16,013","14,388","13,982","13,446","13,364","17,014","16,053",,-6,33
Rubber & Plastics,112,122,115,152,175,170,168,184,169,157,177,133,163,217,183,208,205,,-1,11
Non-Metalic Minerals,78,92,60,67,80,66,57,63,56,34,40,98,97,99,102,110,108,,-1,73
Basic & Fabricated Metal Products,175,179,175,195,144,153,76,79,62,36,52,57,49,50,56,61,61,,0,-22
"Computer, Electronic & Optical Products","2,121","1,946","1,949","1,935","1,874","1,675","2,358","3,214","2,002","2,325","1,175","1,259","1,195","1,552","1,692","2,130","2,317",,9,-28
Electrical equipment,79,95,90,84,210,153,108,109,108,56,62,63,60,60,53,51,49,,-3,-55
Machinery & Equipment,235,278,214,157,133,163,151,168,159,141,152,168,179,202,270,235,279,,19,66
Transport Equipment,94,99,88,91,65,63,86,110,105,69,101,110,121,113,109,120,117,,-3,6
Medical Device Manufacturing,346,423,546,582,622,831,881,"1,181","1,586","1,811","2,219","2,465","2,757","2,631","2,737","2,869","2,700",,-6,129
Other Misc. Manufacturing,48,46,41,37,42,47,36,34,38,35,30,34,32,35,41,36,36,,0,6
Sub Total,"9,745","10,349","11,487","13,316","13,305","14,100","18,131","20,039","20,747","21,546","21,749","20,835","20,524","20,258","20,803","25,063","24,232",,-3,21
"Energy, Water, Waste & Construction",,,,,,,,,,,,,,,,,,,,
Energy,0,1,0,3,2,3,3,2,2,1,1,1,1,4,43,39,33,,-16,"1,345"
Recycling & Waste,0,0,0,0,0,0,0,0,0,0,0,0,0,0,0,0,0,,0,0
Construction (Excl. EI Amendments),0,0,0,0,0,0,0,0,0,0,0,0,0,0,0,0,0,,0,0
Construction (EI Amendments),0,0,0,0,0,0,0,0,0,0,0,0,0,0,0,0,0,,0,0
Sub Total,0,1,0,3,2,3,3,2,2,1,1,1,1,4,43,39,33,,-16,"1,345"
"Information, Communications & Other Services",,,,,,,,,,,,,,,,,,,,
"Publishing, Broadcasting & Telecommunications",8,7,4,10,14,9,7,7,6,1,5,2,2,28,74,123,91,,-26,"1,117"
     Computer Programming,"9,948","11,082","11,290","11,963","11,624","10,435","12,308","13,228","16,230","15,425","16,428","19,582","21,862","23,576","26,265","28,162","29,627",,5,124
     Computer Consultancy,347,277,291,647,952,"2,229","4,978","7,828","9,442","9,478","9,480","11,769","14,790","16,257","17,968","21,696","25,523",,18,226
     Computer Facilities Management,454,433,469,750,980,"1,757","1,635","1,486","1,332",971,"1,005","1,149","1,215","1,353","1,503","1,666","1,727",,4,16
Other IT & Computer Services,13,8,21,18,23,33,83,115,230,290,"1,005","1,496","2,523","4,055","6,272","9,853","14,537",,48,"12,495"
Financial Services,62,68,93,101,123,142,245,293,324,346,373,465,432,430,534,809,826,,2,182
Business Services,13,14,13,10,16,17,17,15,16,17,17,18,15,31,42,89,129,,45,736
Education,0,0,0,0,0,0,0,0,0,0,0,0,0,0,0,2,2,,10,0
Other Services,33,30,21,70,70,72,11,11,10,34,43,49,97,83,152,363,660,,82,"5,715"
Sub Total,"10,877","11,920","12,202","13,568","13,803","14,696","19,284","22,985","27,591","26,563","28,357","34,530","40,936","45,811","52,809","62,762","73,122",,17,218
,,,,,,,,,,,,,,,,,,,,
Grand Total - All Sectors,"20,623","22,270","23,689","26,886","27,110","28,800","37,418","43,026","48,340","48,110","50,107","55,365","61,461","66,073","73,654","87,864","97,386",,10.8,126.3
,,,,,,,,,,,,,,,,,,,,
Table 12: Total Cost of Services Sourced in Ireland ,,,,,,,,,,,,,,,,,,,,
,,,,,,,,,,,,,,,,,,,% Change,
,2000,2001,2002,2003,2004,2005,2006,2007,2008,2009,2010,2011,2012,2013,2014,2015,2016,,15/16,Jul-16
Manufacturing & Other Industry (including Primary Production),€ m,€ m,€ m,€ m,€ m,€ m,€ m,€ m,€ m,€ m,€ m,€ m,€ m,€ m,€ m,€ m,€ m,,%,%
"Agriculture, Fishing, Forestry, Mining & Quarrying",3,1,0,0,0,0,0,1,1,2,1,0,1,0,1,1,2,,118,78
"Food, Drink & Tobacco",499,576,565,589,628,684,699,688,749,652,625,663,606,652,622,630,674,,7,-2
"Textiles, Clothing, Footware & Leather",37,35,29,20,14,13,10,9,3,3,2,2,1,1,1,1,1,,-37,-94
Wood & Wood Products,58,65,54,49,46,54,52,74,54,51,42,50,46,67,47,45,56,,23,-25
Paper & Printing,59,62,44,52,47,43,36,28,29,27,21,11,10,9,11,12,14,,16,-48
Chemicals,688,756,970,"1,484","1,107","1,055","1,043","1,157","1,122","1,033","1,127",985,"1,176","1,190","1,162","1,148","1,116",,-3,-3
Rubber & Plastics,69,74,66,77,80,65,68,75,70,66,54,52,55,61,58,54,54,,0,-28
Non-Metalic Minerals,58,65,44,47,59,48,36,48,41,25,29,30,33,37,34,48,43,,-9,-9
Basic & Fabricated Metal Products,79,71,77,91,75,75,63,63,48,28,40,44,39,39,43,47,47,,0,-25
"Computer, Electronic & Optical Products",947,786,689,622,511,504,703,886,562,479,276,258,252,282,257,304,330,,9,-63
Electrical equipment,53,70,65,61,123,85,60,72,72,39,36,38,41,38,35,30,26,,-13,-63
Machinery & Equipment,165,197,156,121,101,124,110,109,117,109,115,122,127,141,148,103,105,,3,-4
Transport Equipment,82,83,71,64,40,37,42,47,49,27,28,31,34,30,30,23,19,,-17,-60
Medical Device Manufacturing,190,246,345,293,315,316,320,353,367,375,342,381,366,401,424,372,387,,4,10
Other Misc. Manufacturing,31,28,27,21,24,28,27,25,30,28,22,26,24,27,24,19,18,,-7,-30
Sub Total,"3,017","3,117","3,201","3,589","3,168","3,130","3,269","3,634","3,313","2,944","2,762","2,694","2,811","2,975","2,896","2,837","2,892",,2,-20
"Energy, Water, Waste & Construction",,,,,,,,,,,,,,,,,,,,
Energy,0,1,0,2,2,3,3,2,2,1,1,1,1,3,0,0,1,,68,-71
Recycling & Waste,0,0,0,0,0,0,0,0,0,0,0,0,0,0,0,0,0,,0,0
Construction (Excl. EI Amendments),0,0,0,0,0,0,0,0,0,0,0,0,0,0,0,0,0,,0,0
Construction (EI Amendments),0,0,0,0,0,0,0,0,0,0,0,0,0,0,0,0,0,,0,0
Sub Total,0,1,0,2,2,3,3,2,2,1,1,1,1,3,0,0,1,,68,-71
"Information, Communications & Other Services",,,,,,,,,,,,,,,,,,,,
"Publishing, Broadcasting & Telecommunications",4,3,2,4,3,2,5,6,5,1,4,1,2,7,24,12,12,,2,104
     Computer Programming,842,823,708,671,663,568,723,872,945,939,"1,096","1,329","1,149","1,234","1,371",964,"1,096",,14,26
     Computer Consultancy,271,205,135,109,156,180,219,205,204,235,209,234,308,238,225,266,294,,11,43
     Computer Facilities Management,316,308,335,386,352,386,277,274,171,176,171,221,239,267,225,244,233,,-4,-15
Other IT & Computer Services,11,7,14,13,13,14,45,68,79,106,241,237,303,408,392,449,556,,24,719
Financial Services,35,36,40,36,43,49,117,143,164,124,163,230,181,163,181,202,232,,15,63
Business Services,9,9,11,8,14,15,16,14,14,12,10,10,13,26,34,64,69,,8,392
Education,0,0,0,0,0,0,0,0,0,0,0,0,0,0,0,1,0,,-100,0
Other Services,26,21,17,30,30,32,9,10,9,13,8,7,9,14,20,43,64,,50,528
Sub Total,"1,513","1,413","1,263","1,257","1,275","1,246","1,413","1,592","1,592","1,606","1,902","2,269","2,204","2,355","2,472","2,244","2,556",,14,61
,,,,,,,,,,,,,,,,,,,,
Grand Total - All Sectors,"4,531","4,530","4,464","4,849","4,444","4,379","4,684","5,228","4,907","4,551","4,665","4,964","5,016","5,334","5,368","5,081","5,448",,7.2,4.2
,,,,,,,,,,,,,,,,,,,,
Table 13: Irish-Sourced Services as a Percentage of Total Services,,,,,,,,,,,,,,,,,,,,
,,,,,,,,,,,,,,,,,,,% Change,
,2000,2001,2002,2003,2004,2005,2006,2007,2008,2009,2010,2011,2012,2013,2014,2015,2016,,15/16,Jul-16
Manufacturing & Other Industry (including Primary Production),%,%,%,%,%,%,%,%,%,%,%,%,%,%,%,%,%,,%,%
"Agriculture, Fishing, Forestry, Mining & Quarrying",77,97,0,90,90,90,90,96,95,96,90,90,95,97,80,72,84,,16,-13
"Food, Drink & Tobacco",41,48,42,36,29,30,29,26,26,26,38,34,33,37,29,29,30,,4,18
"Textiles, Clothing, Footware & Leather",57,54,54,44,36,42,80,80,66,68,65,56,53,53,55,56,50,,-11,-37
Wood & Wood Products,84,86,80,83,86,81,78,92,91,91,87,89,91,90,91,90,91,,1,-1
Paper & Printing,93,93,82,87,86,90,88,87,84,80,86,52,43,57,77,74,57,,-24,-35
Chemicals,14,13,15,18,14,13,9,10,8,7,7,7,8,9,9,7,7,,3,-27
Rubber & Plastics,62,61,57,51,46,38,41,40,42,42,31,39,34,28,32,26,26,,1,-36
Non-Metalic Minerals,75,70,72,70,74,73,62,76,74,75,73,31,35,37,33,44,40,,-8,-48
Basic & Fabricated Metal Products,45,40,44,47,52,49,83,79,77,77,77,77,78,77,75,76,77,,0,-3
"Computer, Electronic & Optical Products",45,40,35,32,27,30,30,28,28,21,24,20,21,18,15,14,14,,0,-48
Electrical equipment,67,74,72,72,58,56,56,66,67,69,58,60,67,63,67,59,53,,-10,-19
Machinery & Equipment,70,71,73,77,76,76,73,65,74,78,76,73,71,70,55,44,38,,-14,-42
Transport Equipment,87,85,81,70,61,59,49,43,46,38,28,28,28,27,27,19,16,,-15,-62
Medical Device Manufacturing,55,58,63,50,51,38,36,30,23,21,15,15,13,15,16,13,14,,10,-52
Other Misc. Manufacturing,65,61,66,55,56,59,74,74,78,80,74,75,74,75,59,52,49,,-6,-34
Sub Total,31,30,28,27,24,22,18,18,16,14,13,13,14,15,14,11,12,,5,-34
"Energy, Water, Waste & Construction",,,,,,,,,,,,,,,,,,,,
Energy,100,100,100,90,100,100,100,100,95,70,70,70,70,89,1,1,2,,100,-98
Recycling & Waste,0,0,0,0,0,0,0,0,0,0,0,0,0,0,0,0,0,,0,0
Construction (Excl. EI Amendments),0,0,0,0,0,0,0,0,0,0,0,0,0,0,0,0,0,,0,0
Construction (EI Amendments),0,0,0,0,0,0,0,0,0,0,0,0,0,0,0,0,0,,0,0
Sub Total,100,100,100,90,100,100,100,100,95,70,70,70,70,89,1,1,2,,100,-98
"Information, Communications & Other Services",,,,,,,,,,,,,,,,,,,,
"Publishing, Broadcasting & Telecommunications",52,40,48,40,24,26,80,81,80,81,80,81,82,24,33,10,14,,38,-83
     Computer Programming,8,7,6,6,6,5,6,7,6,6,7,7,5,5,5,3,4,,8,-44
     Computer Consultancy,78,74,46,17,16,8,4,3,2,2,2,2,2,1,1,1,1,,-6,-56
     Computer Facilities Management,70,71,72,52,36,22,17,18,13,18,17,19,20,20,15,15,13,,-8,-27
Other IT & Computer Services,82,81,65,71,57,43,54,59,34,36,24,16,12,10,6,5,4,,-16,-93
Financial Services,56,53,43,36,35,35,48,49,51,36,44,49,42,38,34,25,28,,13,-42
Business Services,66,65,88,85,89,85,91,91,91,66,59,55,86,85,82,72,53,,-26,-41
Education,0,0,0,0,0,0,0,0,0,0,0,0,0,0,100,28,0,,-100,0
Other Services,79,72,84,42,42,44,83,91,90,39,17,14,9,17,13,12,10,,-18,-89
Sub Total,14,12,10,9,9,8,7,7,6,6,7,7,5,5,5,4,3,,-2,-50
,,,,,,,,,,,,,,,,,,,,
Grand Total - All Sectors,22,20,19,18,16,15,13,12,10,9,9,9,8,8,7,6,6,,-3.2,-54
,,,,,,,,,,,,,,,,,,,,
Table 14: Total Value Added (Sales-(Total Materials Cost + Total Services Cost)),,,,,,,,,,,,,,,,,,,,
,,,,,,,,,,,,,,,,,,,% Change,
,2000,2001,2002,2003,2004,2005,2006,2007,2008,2009,2010,2011,2012,2013,2014,2015,2016,,15/16,Jul-16
Manufacturing & Other Industry (including Primary Production),€ m,€ m,€ m,€ m,€ m,€ m,€ m,€ m,€ m,€ m,€ m,€ m,€ m,€ m,€ m,€ m,€ m,,%,%
"Agriculture, Fishing, Forestry, Mining & Quarrying",3,3,0,0,0,1,2,3,3,2,4,2,4,1,2,3,4,,41,37
"Food, Drink & Tobacco","1,932","2,118","2,080","3,574","2,451","2,529","2,913","2,324","3,300","2,824","2,886","2,344","3,601","3,428","3,713","3,819","3,948",,3,70
"Textiles, Clothing, Footware & Leather",73,77,145,118,79,87,37,27,13,11,12,7,1,1,1,1,0,,-86,-100
Wood & Wood Products,55,60,71,69,83,76,82,87,49,10,30,57,37,50,50,58,57,,-1,-35
Paper & Printing,129,116,141,195,184,146,160,122,130,102,59,54,61,42,29,41,63,,54,-48
Chemicals,"10,502","11,954","17,075","12,787","14,950","15,908","11,207","13,378","13,441","16,431","16,843","19,086","16,908","13,298","11,877","14,099","17,166",,22,28
Rubber & Plastics,335,345,379,368,409,404,453,434,421,393,436,487,463,437,381,609,643,,6,48
Non-Metalic Minerals,271,325,356,295,295,242,242,239,189,114,112,69,50,37,41,46,64,,39,-73
Basic & Fabricated Metal Products,288,242,160,165,199,198,240,189,206,100,205,198,187,176,192,233,212,,-9,12
"Computer, Electronic & Optical Products","7,464","7,752","4,626","3,543","5,142","5,018","6,402","5,382","5,608","3,660","4,997","5,556","6,019","5,018","5,739","7,536","7,980",,6,48
Electrical equipment,347,343,251,70,181,554,429,477,449,220,265,268,267,234,239,401,416,,4,-13
Machinery & Equipment,510,628,557,851,741,718,683,678,584,385,448,494,468,451,438,638,593,,-7,-12
Transport Equipment,260,302,294,294,285,292,338,414,375,221,290,325,314,307,287,273,275,,1,-34
Medical Device Manufacturing,"1,858","2,278","2,399","2,496","2,533","3,039","2,667","2,814","2,945","3,386","3,387","3,970","4,194","4,087","3,964","3,876","3,966",,2,41
Other Misc. Manufacturing,94,104,141,131,139,126,108,125,121,119,118,115,132,135,123,149,140,,-6,12
Sub Total,"24,119","26,646","28,676","24,958","27,671","29,338","25,964","26,693","27,834","27,978","30,092","33,032","32,707","27,702","27,075","31,782","35,529",,12,33
"Energy, Water, Waste & Construction",,,,,,,,,,,,,,,,,,,,
Energy,11,13,15,10,2,3,5,60,45,31,31,42,42,39,2,5,7,,36,-88
Recycling & Waste,0,0,0,0,0,0,0,0,0,0,0,0,0,0,0,0,0,,0,0
Construction (Excl. EI Amendments),0,0,0,0,0,0,0,0,0,0,0,0,0,0,0,0,0,,0,0
Construction (EI Amendments),0,0,0,0,0,0,0,0,0,0,0,0,0,0,0,0,0,,0,0
Sub Total,11,13,15,10,2,3,5,60,45,31,31,42,42,39,2,5,7,,36,-88
"Information, Communications & Other Services",,,,,,,,,,,,,,,,,,,,
"Publishing, Broadcasting & Telecommunications",58,60,70,87,96,70,48,33,29,37,33,39,39,32,46,52,69,,32,107
     Computer Programming,"6,261","7,033","6,762","7,599","7,084","7,589","7,793","7,390","6,160","6,588","6,902","8,383","10,248","10,189","10,279","12,072","12,507",,4,69
     Computer Consultancy,"1,188","1,169",792,709,792,834,"1,084","1,636","1,315","1,231","1,377","1,670","1,834","1,812","1,606","2,396","2,521",,5,54
     Computer Facilities Management,926,974,"1,264","1,271","1,430","2,612","2,951","3,452","3,103","2,805","2,716","2,817","3,017","3,066","2,943","3,345","3,465",,4,0
Other IT & Computer Services,53,130,270,241,89,65,323,577,470,456,676,755,871,"1,358","1,469","1,780","2,343",,32,306
Financial Services,924,911,"1,108","1,512","1,797","1,933","2,298","2,901","2,566","2,762","1,761","1,756","1,484","1,573","1,607","1,761","1,974",,12,-32
Business Services,59,68,66,42,44,50,101,99,88,55,61,74,80,71,109,259,381,,47,284
Education,0,0,0,0,0,0,0,0,0,0,0,0,0,0,3,4,11,,161,0
Other Services,297,119,93,78,30,53,55,26,13,2,17,45,-19,113,230,493,782,,59,"2,907"
Sub Total,"9,766","10,465","10,427","11,539","11,360","13,205","14,653","16,115","13,744","13,935","13,543","15,539","17,554","18,213","18,292","22,161","24,054",,9,49
,,,,,,,,,,,,,,,,,,,,
Grand Total - All Sectors,"33,897","37,124","39,118","36,507","39,034","42,545","40,622","42,868","41,623","41,944","43,666","48,613","50,302","45,954","45,368","53,949","59,590",,10.5,39
,,,,,,,,,,,,,,,,,,,,
Table 15: Total Value Added per person employed in Manufacturing and Int. Traded Services,,,,,,,,,,,,,,,,,,,,
,,,,,,,,,,,,,,,,,,,% Change,
,2000,2001,2002,2003,2004,2005,2006,2007,2008,2009,2010,2011,2012,2013,2014,2015,2016,,15/16,Jul-16
Manufacturing & Other Industry (including Primary Production),€ k,€ k,€ k,€ k,€ k,€ k,€ k,€ k,€ k,€ k,€ k,€ k,€ k,€ k,€ k,€ k,€ k,,%,%
"Agriculture, Fishing, Forestry, Mining & Quarrying",17,36,0,21,26,36,62,61,48,33,73,83,67,54,27,40,92,,131,51
"Food, Drink & Tobacco",186,223,196,358,267,263,291,267,360,324,355,301,520,482,527,578,613,,6,129
"Textiles, Clothing, Footware & Leather",18,28,65,74,63,75,43,44,51,39,56,36,15,12,21,12,3,,-77,-94
Wood & Wood Products,49,55,83,79,106,80,87,94,60,17,54,74,68,54,85,108,101,,-7,7
Paper & Printing,60,70,82,115,119,112,118,120,111,93,73,75,86,69,50,68,101,,49,-16
Chemicals,470,522,784,565,649,682,530,585,604,778,840,956,850,667,602,712,854,,20,46
Rubber & Plastics,77,93,108,106,124,130,132,140,141,146,166,185,173,165,144,207,213,,3,52
Non-Metalic Minerals,163,199,249,226,200,215,198,187,158,117,140,95,89,80,86,71,94,,33,-50
Basic & Fabricated Metal Products,85,74,48,54,72,83,115,96,95,57,107,104,101,95,109,130,117,,-10,22
"Computer, Electronic & Optical Products",234,288,192,166,246,257,316,258,289,213,361,391,493,403,449,588,592,,1,129
Electrical equipment,57,59,56,19,51,159,130,132,142,96,105,139,140,123,127,218,240,,10,82
Machinery & Equipment,43,65,66,103,98,93,108,135,132,98,110,116,112,105,96,125,121,,-3,-11
Transport Equipment,48,57,56,57,64,68,69,82,86,80,94,102,96,101,98,94,96,,2,16
Medical Device Manufacturing,120,138,138,134,129,139,119,125,127,151,150,169,179,177,172,162,158,,-3,27
Other Misc. Manufacturing,36,40,56,56,66,54,55,65,64,66,71,70,77,90,94,134,129,,-4,97
Sub Total,196,235,266,240,273,287,259,268,288,320,363,396,409,346,341,394,431,,9,60
"Energy, Water, Waste & Construction",,,,,,,,,,,,,,,,,,,,
Energy,79,80,76,67,92,99,257,"2,993","2,044","1,359","1,488","1,488","1,488","1,075",46,154,209,,36,-93
Recycling & Waste,0,0,0,0,0,0,0,0,0,0,0,0,0,0,0,0,0,,0,0
Construction (Excl. EI Amendments),0,0,0,0,0,0,0,0,0,0,0,0,0,0,0,0,0,,0,0
Construction (EI Amendments),0,0,0,0,0,0,0,0,0,0,0,0,0,0,0,0,0,,0,0
Sub Total,79,80,76,67,92,99,257,"2,993","2,044","1,359","1,488","1,488","1,488","1,075",46,154,209,,36,-93
"Information, Communications & Other Services",,,,,,,,,,,,,,,,,,,,
"Publishing, Broadcasting & Telecommunications",398,333,386,524,436,344,302,193,199,297,266,448,"1,029",132,147,103,99,,-3,-49
     Computer Programming,305,312,355,432,426,407,441,419,282,351,376,422,456,440,417,459,460,,0,10
     Computer Consultancy,97,109,72,62,63,74,82,146,130,133,123,132,136,137,125,170,166,,-2,14
     Computer Facilities Management,138,137,192,154,155,253,388,368,408,408,349,341,360,346,371,392,376,,-4,2
Other IT & Computer Services,59,182,234,260,141,83,276,309,343,243,194,210,202,246,246,291,332,,14,8
Financial Services,440,462,404,434,469,412,362,378,323,282,201,181,172,180,169,169,177,,5,-53
Business Services,72,79,75,59,44,52,59,55,53,45,46,46,53,48,64,117,129,,10,134
Education,0,0,0,0,0,0,0,0,0,0,0,0,0,0,75,51,64,,25,0
Other Services,273,115,91,64,25,51,63,31,20,2,14,35,-16,83,132,230,336,,46,974
Sub Total,219,232,245,264,251,275,301,319,268,285,259,272,292,291,282,314,317,,1,-1
,,,,,,,,,,,,,,,,,,,,
Grand Total - All Sectors,202,234,260,247,266,283,273,286,282,307,323,346,359,322,315,357,376,,5.4,31.6
,,,,,,,,,,,,,,,,,,,,
Table 16: Total Payroll Bill as a percentage of Value Added,,,,,,,,,,,,,,,,,,,,
,,,,,,,,,,,,,,,,,,,% Change,
,2000,2001,2002,2003,2004,2005,2006,2007,2008,2009,2010,2011,2012,2013,2014,2015,2016,,15/16,Jul-16
Manufacturing & Other Industry (including Primary Production),%,%,%,%,%,%,%,%,%,%,%,%,%,%,%,%,%,,%,%
"Agriculture, Fishing, Forestry, Mining & Quarrying",139,64,0,73,65,54,38,82,93,150,70,36,69,123,131,112,63,,-44,-23
"Food, Drink & Tobacco",23,21,24,14,20,21,20,23,19,21,20,24,14,16,14,14,13,,-6,-44
"Textiles, Clothing, Footware & Leather",118,105,45,40,50,43,75,79,82,89,75,131,248,355,271,610,"2,497",,310,"3,071"
Wood & Wood Products,59,64,47,49,42,49,50,50,88,299,96,71,79,91,58,50,53,,7,8
Paper & Printing,59,57,48,36,38,39,38,41,45,54,65,62,60,75,97,70,48,,-32,16
Chemicals,9,9,6,9,9,9,12,11,12,9,9,8,9,12,14,13,11,,-15,-7
Rubber & Plastics,35,34,30,34,30,29,30,31,33,30,30,26,29,31,36,25,25,,-1,-20
Non-Metalic Minerals,27,27,21,23,27,26,32,34,40,43,41,72,70,93,80,88,67,,-23,101
Basic & Fabricated Metal Products,38,51,79,78,62,59,47,56,60,99,56,56,61,64,62,51,57,,12,2
"Computer, Electronic & Optical Products",16,15,20,25,18,18,16,21,19,29,15,14,12,15,15,12,13,,4,-39
Electrical equipment,44,50,50,164,74,25,32,34,32,55,49,35,34,39,40,24,25,,4,-27
Machinery & Equipment,74,57,58,37,41,45,39,36,37,51,44,44,46,51,56,43,48,,11,31
Transport Equipment,67,63,63,64,65,63,62,60,65,58,49,48,52,53,57,61,61,,1,2
Medical Device Manufacturing,23,22,24,26,29,28,35,36,35,31,33,29,29,30,32,37,38,,4,6
Other Misc. Manufacturing,79,77,58,61,62,74,79,67,71,71,68,64,63,60,60,45,46,,2,-31
Sub Total,18,17,15,18,17,17,20,20,19,18,16,15,15,18,19,18,17,,-7,-18
"Energy, Water, Waste & Construction",,,,,,,,,,,,,,,,,,,,
Energy,97,97,54,63,66,49,70,90,79,7,7,7,7,8,189,66,50,,-25,-45
Recycling & Waste,0,0,0,0,0,0,0,0,0,0,0,0,0,0,0,0,0,,0,0
Construction (Excl. EI Amendments),0,0,0,0,0,0,0,0,0,0,0,0,0,0,0,0,0,,0,0
Construction (EI Amendments),0,0,0,0,0,0,0,0,0,0,0,0,0,0,0,0,0,,0,0
Sub Total,97,97,54,63,66,49,70,90,79,7,7,7,7,8,189,66,50,,-25,-45
"Information, Communications & Other Services",,,,,,,,,,,,,,,,,,,,
"Publishing, Broadcasting & Telecommunications",6,9,8,6,8,11,14,24,22,17,14,15,8,62,61,79,65,,-17,168
     Computer Programming,15,16,16,14,14,14,14,15,23,19,18,15,15,16,18,17,17,,3,12
     Computer Consultancy,33,35,50,54,55,55,49,32,38,39,47,47,45,47,56,38,42,,9,33
     Computer Facilities Management,24,29,20,25,30,18,14,15,16,16,18,18,18,19,18,17,18,,2,16
Other IT & Computer Services,77,22,20,18,39,57,19,17,16,21,28,31,34,27,29,27,24,,-12,37
Financial Services,13,13,14,13,13,16,18,16,21,24,33,37,41,40,45,44,44,,-1,175
Business Services,43,46,47,60,69,69,88,81,80,114,95,95,81,109,92,58,53,,-10,-35
Education,0,0,0,0,0,0,0,0,0,0,0,0,0,0,97,127,115,,-9,0
Other Services,14,30,39,70,186,97,57,115,210,"3,926",394,143,0,60,38,22,17,,-21,-85
Sub Total,18,20,20,18,19,19,18,18,22,22,24,23,22,23,25,23,23,,2,32
,,,,,,,,,,,,,,,,,,,,
Grand Total - All Sectors,18,18,16,18,18,17,19,19,21,19,19,18,17,20,22,20,19,,-2.6,-0.1
,,,,,,,,,,,,,,,,,,,,
"Table 17: Total Cost of all formal, structured training",,,,,,,,,,,,,,,,,,,,
,,,,,,,,,,,,,,,,,,,% Change,
,2000,2001,2002,2003,2004,2005,2006,2007,2008,2009,2010,2011,2012,2013,2014,2015,2016,,15/16,Jul-16
Manufacturing & Other Industry (including Primary Production),€ m,€ m,€ m,€ m,€ m,€ m,€ m,€ m,€ m,€ m,€ m,€ m,€ m,€ m,€ m,€ m,€ m,,%,%
"Agriculture, Fishing, Forestry, Mining & Quarrying",0,0,0,0,0,0,0,0,0,0,0,0,0,0,0,0,0,,-32,-22
"Food, Drink & Tobacco",7,9,9,6,6,6,8,7,8,6,5,5,3,3,4,4,4,,2,-37
"Textiles, Clothing, Footware & Leather",1,1,1,0,0,1,1,1,0,0,0,0,0,0,0,0,0,,0,-99
Wood & Wood Products,0,0,0,0,0,0,0,0,0,0,0,0,0,0,0,0,0,,26,-44
Paper & Printing,0,0,1,1,0,0,1,0,0,0,0,0,0,0,0,0,0,,23,-51
Chemicals,15,16,18,25,24,23,20,25,21,17,15,12,17,18,21,14,16,,13,-35
Rubber & Plastics,2,1,1,2,2,1,1,1,1,1,1,1,1,1,1,1,1,,7,18
Non-Metalic Minerals,1,1,1,1,1,1,0,0,1,0,0,1,0,0,0,0,0,,34,-14
Basic & Fabricated Metal Products,1,1,2,1,1,2,1,1,1,1,1,0,0,0,1,1,1,,14,-24
"Computer, Electronic & Optical Products",18,16,11,12,11,11,16,13,10,10,6,6,6,9,8,12,12,,2,-8
Electrical equipment,2,2,1,2,1,1,1,1,1,0,1,1,0,0,0,1,1,,10,-55
Machinery & Equipment,5,4,3,3,3,3,2,2,1,1,1,1,2,2,2,2,2,,0,54
Transport Equipment,2,2,2,1,1,2,4,3,4,1,2,2,1,1,1,2,2,,-26,-43
Medical Device Manufacturing,8,9,7,8,11,10,10,15,14,11,11,13,12,10,12,11,10,,-6,-28
Other Misc. Manufacturing,1,1,1,1,1,0,0,0,0,0,0,0,1,1,1,0,1,,17,55
Sub Total,61,64,57,63,62,61,65,69,64,50,43,42,44,46,52,49,51,,3,-27
"Energy, Water, Waste & Construction",,,,,,,,,,,,,,,,,,,,
Energy,0,0,0,0,0,0,0,0,0,0,0,0,0,0,0,0,0,,29,-36
Recycling & Waste,0,0,0,0,0,0,0,0,0,0,0,0,0,0,0,0,0,,0,0
Construction (Excl. EI Amendments),0,0,0,0,0,0,0,0,0,0,0,0,0,0,0,0,0,,0,0
Construction (EI Amendments),0,0,0,0,0,0,0,0,0,0,0,0,0,0,0,0,0,,0,0
Sub Total,0,0,0,0,0,0,0,0,0,0,0,0,0,0,0,0,0,,29,-36
"Information, Communications & Other Services",,,,,,,,,,,,,,,,,,,,
"Publishing, Broadcasting & Telecommunications",0,0,0,0,0,0,0,0,0,0,0,0,0,0,0,0,0,,9,308
     Computer Programming,25,30,24,23,18,15,20,20,25,19,14,14,19,26,27,28,26,,-8,27
     Computer Consultancy,15,8,6,4,4,4,4,4,3,4,7,8,6,6,6,8,9,,19,151
     Computer Facilities Management,6,7,5,5,6,7,4,5,4,4,3,4,4,3,3,3,3,,2,-44
Other IT & Computer Services,0,0,0,0,0,0,1,1,1,1,1,1,2,2,2,2,2,,7,69
Financial Services,2,2,3,2,2,2,3,3,3,2,2,3,2,2,3,5,5,,-6,41
Business Services,0,0,0,0,0,0,0,0,0,0,0,0,0,1,1,1,1,,40,236
Education,0,0,0,0,0,0,0,0,0,0,0,0,0,0,0,0,0,,0,0
Other Services,1,0,0,1,1,1,0,0,0,0,0,0,0,0,1,1,1,,36,434
Sub Total,50,48,38,36,32,30,32,34,36,30,27,30,33,40,42,47,47,,0,39
,,,,,,,,,,,,,,,,,,,,
Grand Total - All Sectors,111,112,95,99,94,91,97,103,100,79,71,72,77,86,94,96,97,,1.2,-5.3
,,,,,,,,,,,,,,,,,,,,
"Table 18: Cost of all Structured, Formal Training as a percentage of payroll",,,,,,,,,,,,,,,,,,,,
,,,,,,,,,,,,,,,,,,,% Change,
,2000,2001,2002,2003,2004,2005,2006,2007,2008,2009,2010,2011,2012,2013,2014,2015,2016,,15/16,Jul-16
Manufacturing & Other Industry (including Primary Production),%,%,%,%,%,%,%,%,%,%,%,%,%,%,%,%,%,,%,%
"Agriculture, Fishing, Forestry, Mining & Quarrying",0.7,0.6,0,0,0,0.9,0.7,1,0.7,0,0.2,0,0.7,0.2,1.2,0.9,0.8,,-15,-27
"Food, Drink & Tobacco",1.5,1.9,1.7,1.2,1.2,1,1.3,1.2,1.2,1,0.8,0.8,0.6,0.6,0.7,0.8,0.8,,5,-34
"Textiles, Clothing, Footware & Leather",0.7,0.8,1.1,1,1.2,1.6,3.3,2.8,2.9,2.8,2.4,1.4,0.5,0.4,0.2,0.2,0.3,,73,-90
Wood & Wood Products,1.1,1.2,1.2,1.1,0.9,0.9,1,1,0.8,0.8,0.4,0.4,0.4,0.4,0.6,0.7,0.8,,19,-20
Paper & Printing,0.5,0.7,0.9,1.4,0.7,0.8,0.8,0.9,0.7,0.5,0.5,0.4,0.5,0.6,0.5,0.6,0.7,,18,-19
Chemicals,1.5,1.6,1.7,2.1,1.8,1.6,1.5,1.6,1.4,1.1,1,0.8,1.2,1.1,1.3,0.8,0.9,,9,-46
Rubber & Plastics,1.8,1.1,1.2,1.2,1.2,0.7,0.9,0.8,0.7,0.6,0.6,0.5,0.5,0.5,0.7,0.7,0.8,,2,-1
Non-Metalic Minerals,0.7,0.9,0.9,1.3,0.9,1,0.5,0.6,0.7,0.5,1.1,1.1,0.4,0.8,0.7,0.7,0.9,,26,60
Basic & Fabricated Metal Products,1.2,1.1,1.2,1.1,0.8,1.6,0.6,0.8,0.7,0.5,0.5,0.3,0.3,0.4,0.4,0.4,0.5,,12,-34
"Computer, Electronic & Optical Products",1.5,1.4,1.2,1.4,1.2,1.3,1.5,1.1,1,1,0.8,0.8,0.8,1.2,1,1.2,1.2,,-7,1
Electrical equipment,1,1.1,0.9,1.3,1,1,0.8,0.9,0.7,0.4,0.7,0.9,0.5,0.4,0.4,0.6,0.6,,2,-29
Machinery & Equipment,1.3,1.2,0.9,1,0.9,0.8,0.6,0.7,0.6,0.6,0.7,0.7,0.7,0.8,0.8,0.9,0.9,,-3,34
Transport Equipment,1,0.9,0.9,0.7,0.5,1.1,1.7,1.2,1.7,0.8,1.2,1,0.8,0.7,0.7,1.4,1,,-27,-16
Medical Device Manufacturing,1.8,1.7,1.2,1.2,1.5,1.2,1.1,1.4,1.4,1.1,1,1.1,1,0.9,0.9,0.8,0.7,,-11,-52
Other Misc. Manufacturing,0.8,0.9,0.8,0.7,0.8,0.4,0.3,0.4,0.6,0.6,0.5,0.5,0.9,1,1.6,0.7,0.9,,22,100
Sub Total,1.4,1.4,1.3,1.4,1.3,1.3,1.3,1.3,1.2,1,0.9,0.9,0.9,0.9,1,0.9,0.9,,-2,-33
"Energy, Water, Waste & Construction",,,,,,,,,,,,,,,,,,,,
Energy,0.2,0.2,0.2,0,1.4,0.5,0.4,0,0,3.1,0.5,0.3,2.5,0.2,0.1,0.2,0.3,,25,883
Recycling & Waste,0,0,0,0,0,0,0,0,0,0,0,0,0,0,0,0,0,,0,0
Construction (Excl. EI Amendments),0,0,0,0,0,0,0,0,0,0,0,0,0,0,0,0,0,,0,0
Construction (EI Amendments),0,0,0,0,0,0,0,0,0,0,0,0,0,0,0,0,0,,0,0
Sub Total,0.2,0.2,0.2,0,1.4,0.5,0.4,0,0,3.1,0.5,0.3,2.5,0.2,0.1,0.2,0.3,,25,883
"Information, Communications & Other Services",,,,,,,,,,,,,,,,,,,,
"Publishing, Broadcasting & Telecommunications",0.4,0.4,0.7,0.9,1.2,2,1.3,0.8,0.8,0.6,0.6,0.1,0.2,0.1,0.5,0.6,0.6,,0,-26
     Computer Programming,2.7,2.7,2.2,2.2,1.9,1.4,1.8,1.8,1.8,1.5,1.1,1,1.3,1.6,1.5,1.4,1.2,,-14,-33
     Computer Consultancy,3.8,1.9,1.5,1.1,1,0.8,0.8,0.7,0.5,0.8,1.1,1.1,0.8,0.7,0.7,0.8,0.9,,4,23
     Computer Facilities Management,2.8,2.5,1.9,1.7,1.5,1.6,1.1,0.9,0.8,0.8,0.7,0.7,0.7,0.5,0.5,0.4,0.4,,-4,-52
Other IT & Computer Services,0.6,0.9,0.9,1.1,1,0.6,0.9,1.3,1,0.9,0.5,0.5,0.5,0.5,0.6,0.4,0.4,,-7,-70
Financial Services,2,1.8,1.7,1,0.8,0.8,0.6,0.7,0.5,0.3,0.4,0.4,0.4,0.4,0.4,0.6,0.5,,-15,-25
Business Services,1.6,1.1,0.7,0.7,0.7,0.8,0.4,0.5,0.6,0.4,0.5,0.4,0.7,0.9,0.9,0.6,0.7,,5,35
Education,0,0,0,0,0,0,0,0,0,0,0,0,0,0,0.3,0,0,,0,0
Other Services,1.3,0.9,0.6,1.1,1.2,1.2,0.6,0.6,0.4,0.5,0.4,0.6,0.3,0.3,0.8,0.6,0.7,,8,17
Sub Total,2.8,2.3,1.9,1.7,1.5,1.2,1.2,1.2,1.2,1,0.8,0.8,0.9,0.9,0.9,0.9,0.8,,-10,-30
,,,,,,,,,,,,,,,,,,,,
Grand Total - All Sectors,1.8,1.7,1.5,1.5,1.4,1.2,1.3,1.2,1.2,1,0.9,0.8,0.9,0.9,1,0.9,0.8,,-5.9,-31.8
,,,,,,,,,,,,,,,,,,,,
"Table 19: Direct Expenditure in the Irish Economy  (Payroll, Irish Materials, Irish Services)",,,,,,,,,,,,,,,,,,,,
,,,,,,,,,,,,,,,,,,,% Change,
,2000,2001,2002,2003,2004,2005,2006,2007,2008,2009,2010,2011,2012,2013,2014,2015,2016,,15/16,Jul-16
Manufacturing & Other Industry (including Primary Production),€ m,€ m,€ m,€ m,€ m,€ m,€ m,€ m,€ m,€ m,€ m,€ m,€ m,€ m,€ m,€ m,€ m,,%,%
"Agriculture, Fishing, Forestry, Mining & Quarrying",12,4,0,0,1,1,1,4,5,5,5,2,4,2,5,5,5,,0,28
"Food, Drink & Tobacco","1,602","1,756","1,823","1,792","1,781","1,905","2,058","1,929","2,254","2,041","1,943","2,009","1,997","2,070","2,059","1,956","1,959",,0,2
"Textiles, Clothing, Footware & Leather",177,168,130,78,63,58,39,31,14,13,12,12,5,5,5,4,3,,-41,-92
Wood & Wood Products,148,164,139,135,138,158,163,201,174,132,131,178,151,217,163,148,162,,9,-19
Paper & Printing,217,204,138,141,132,113,110,89,99,100,74,58,56,48,45,49,54,,9,-40
Chemicals,"2,092","2,372","2,809","3,376","3,046","2,975","2,922","3,229","3,135","2,932","3,069","3,004","3,188","3,249","3,288","3,437","3,472",,1,8
Rubber & Plastics,254,234,228,255,245,217,237,243,244,216,214,211,230,235,258,271,278,,3,15
Non-Metalic Minerals,195,195,152,131,160,127,124,138,124,80,81,86,72,77,72,96,94,,-2,-32
Basic & Fabricated Metal Products,265,299,314,311,274,241,242,230,245,155,196,203,202,202,209,190,194,,2,-16
"Computer, Electronic & Optical Products","3,793","3,613","2,684","2,515","2,162","1,955","2,357","2,590","2,199","1,700","1,199","1,234","1,115","1,235","1,298","1,461","1,581",,8,-39
Electrical equipment,297,447,373,388,502,401,311,348,312,192,197,166,167,167,164,146,149,,2,-57
Machinery & Equipment,773,791,838,759,656,688,525,488,445,379,403,457,482,505,555,577,603,,5,23
Transport Equipment,410,433,427,301,260,242,291,337,314,170,194,212,227,226,220,220,219,,0,-35
Medical Device Manufacturing,830,"1,017","1,251","1,242","1,351","1,436","1,563","1,701","1,717","1,746","1,857","1,998","2,064","2,120","2,208","2,273","2,443",,7,44
Other Misc. Manufacturing,134,147,138,122,131,140,133,131,138,132,122,120,129,126,115,107,105,,-2,-20
Sub Total,"11,197","11,844","11,445","11,546","10,903","10,658","11,077","11,691","11,418","9,994","9,699","9,950","10,090","10,483","10,664","10,940","11,320",,3,-3
"Energy, Water, Waste & Construction",,,,,,,,,,,,,,,,,,,,
Energy,12,15,10,15,5,6,10,59,40,3,3,4,4,7,3,4,4,,9,-93
Recycling & Waste,0,0,0,0,0,0,0,0,0,0,0,0,0,0,0,0,0,,0,0
Construction (Excl. EI Amendments),0,0,0,0,0,0,0,0,0,0,0,0,0,0,0,0,0,,0,0
Construction (EI Amendments),0,0,0,0,0,0,0,0,0,0,0,0,0,0,0,0,0,,0,0
Sub Total,12,15,10,15,5,6,10,59,40,3,3,4,4,7,3,4,4,,9,-93
"Information, Communications & Other Services",,,,,,,,,,,,,,,,,,,,
"Publishing, Broadcasting & Telecommunications",11,9,8,10,11,11,13,15,12,8,9,8,5,28,53,54,58,,8,293
     Computer Programming,"2,653","2,890","2,475","2,228","2,174","2,016","2,219","2,344","2,698","2,519","2,559","2,844","2,810","3,076","3,415","3,113","3,401",,9,45
     Computer Consultancy,758,698,597,729,755,785,824,800,793,751,862,"1,031","1,151","1,096","1,128","1,191","1,353",,14,69
     Computer Facilities Management,561,615,619,775,839,902,720,840,681,650,681,762,811,883,773,877,895,,2,7
Other IT & Computer Services,77,38,119,78,58,59,114,189,162,208,436,539,742,956,"1,088","1,217","1,382",,14,632
Financial Services,155,160,202,237,279,356,527,605,701,791,747,886,796,794,910,977,"1,095",,12,81
Business Services,39,45,46,36,48,52,158,125,119,109,88,99,97,110,139,222,280,,26,124
Education,0,0,0,0,0,0,0,0,0,0,0,0,0,0,3,6,13,,118,0
Other Services,218,153,130,206,208,140,55,55,50,91,90,85,74,93,109,155,203,,32,270
Sub Total,"4,472","4,609","4,196","4,298","4,373","4,321","4,629","4,974","5,216","5,128","5,473","6,254","6,488","7,034","7,618","7,811","8,681",,11,75
,,,,,,,,,,,,,,,,,,,,
Grand Total - All Sectors,"15,682","16,467","15,651","15,859","15,280","14,985","15,717","16,723","16,674","15,124","15,175","16,208","16,581","17,524","18,285","18,754","20,004",,6.7,19.6
