Table 1: Total Sales of Goods Produced and Services Provided (including sales to the dairy board),,,,,,,,,,,,,,,,,,,,
,,,,,,,,,,,,,,,,,,,% Change,
,2000,2001,2002,2003,2004,2005,2006,2007,2008,2009,2010,2011,2012,2013,2014,2015,2016,2017,15/16,Jul-16
Manufacturing & Other Industry (including Primary Production),€ m,€ m,€ m,€ m,€ m,€ m,€ m,€ m,€ m,€ m,€ m,€ m,€ m,€ m,€ m,€ m,€ m,€ m,%,%
"Agriculture, Fishing, Forestry, Mining & Quarrying",426,491,548,477,388,332,478,370,346,335,369,398,377,394,444,463,472,481,2,28
"Food, Drink & Tobacco","9,157","9,471","9,459","8,700","8,921","9,265","9,411","10,927","10,614","9,053","9,542","10,768","10,986","12,301","13,132","13,085","13,130","14,025",0,20
"Textiles, Clothing, Footware & Leather",583,609,553,358,309,275,296,324,315,273,268,329,338,367,390,447,481,507,8,49
Wood & Wood Products,574,712,629,742,832,821,846,717,530,361,402,518,434,578,774,915,872,945,-5,22
Paper & Printing,613,619,588,528,518,492,527,543,500,437,391,518,498,514,560,613,588,661,-4,8
Chemicals,322,368,395,305,334,365,358,409,428,341,359,437,522,500,535,600,646,682,8,58
Rubber & Plastics,598,588,608,571,608,708,766,857,773,566,573,651,620,654,697,753,788,838,5,-8
Non-Metalic Minerals,"1,299","1,287","1,400","1,462","1,578","1,673","1,998","2,169","1,810","1,047",864,861,832,827,"1,094","1,311","1,354","1,418",3,-38
Basic & Fabricated Metal Products,956,946,920,950,"1,000","1,081","1,234","1,235","1,364",906,768,846,777,882,"1,045","1,189","1,323","1,452",11,7
"Computer, Electronic & Optical Products",715,668,453,523,403,459,498,519,468,447,449,435,504,571,495,652,769,809,18,48
Electrical equipment,369,361,306,338,363,358,409,367,391,324,324,400,481,489,591,699,780,853,12,113
Machinery & Equipment,761,694,673,640,704,767,877,"1,025","1,038",749,730,847,959,974,"1,091","1,151","1,240","1,403",8,21
Transport Equipment,132,122,143,94,102,109,124,128,141,107,112,146,128,149,165,172,214,225,24,67
Medical Device Manufacturing,65,78,97,101,28,34,39,51,55,59,69,63,100,89,92,112,133,160,19,163
Other Misc. Manufacturing,541,580,580,596,612,611,646,622,607,397,329,337,340,360,444,550,594,659,8,-5
Sub Total,"17,109","17,593","17,353","16,384","16,702","17,350","18,505","20,261","19,379","15,403","15,550","17,552","17,898","19,648","21,547","22,710","23,386","25,118",3,15
"Energy, Water, Waste & Construction",,,,,,,,,,,,,,,,,,,,
Energy,0,0,0,0,0,0,5,9,9,11,24,48,51,37,40,54,60,79,11,603
Recycling & Waste,22,50,24,22,61,96,302,376,337,346,360,435,424,213,243,254,262,269,3,-30
Construction (Excl. EI Amendments),814,851,870,907,"1,047","1,221","1,450","1,476","1,626","1,037",634,311,348,490,629,747,856,"1,015",15,-42
Construction (EI Amendments),"1,684","1,684","2,056","1,929","2,248","2,503","2,909","3,339","4,067","3,116","2,241","2,480","2,358","2,622","2,829","3,198","3,869","4,239",21,16
Sub Total,"2,520","2,585","2,950","2,859","3,356","3,820","4,666","5,199","6,039","4,510","3,259","3,275","3,181","3,361","3,741","4,253","5,048","5,602",19,-3
"Information, Communications & Other Services",,,,,,,,,,,,,,,,,,,,
"Publishing, Broadcasting & Telecommunications",179,208,190,166,150,180,198,326,267,264,352,371,391,437,522,640,663,756,4,103
     Computer Programming,0,4,4,4,5,8,5,11,11,20,32,31,62,53,72,90,104,162,16,813
     Computer Consultancy,955,"1,127",946,734,839,961,"1,079","1,180","1,227","1,058","1,092","1,236","1,301","1,394","1,531","1,753","1,936","2,144",10,64
     Computer Facilities Management,0,0,0,0,0,0,0,0,0,0,0,1,1,1,2,6,6,7,-2,0
Other IT & Computer Services,319,433,194,256,272,248,222,214,194,283,323,333,404,433,505,548,590,823,8,176
Financial Services,448,398,528,709,916,"1,124","1,059","1,451","1,447","1,460","1,365","1,357",873,875,958,"1,319","1,456","1,650",10,0
Business Services,642,882,"1,136","1,102","1,291","1,502","2,010","1,431","2,235","1,999","2,003","1,932","2,128","2,319","2,805","3,510","4,094","4,396",17,186
Education,149,136,155,196,177,230,227,249,251,242,289,317,315,388,440,475,520,560,10,109
Other Services,760,622,170,417,395,377,213,402,448,467,485,510,727,752,823,882,977,"1,057",11,143
Sub Total,"3,453","3,809","3,323","3,584","4,045","4,630","5,015","5,265","6,082","5,794","5,941","6,089","6,204","6,652","7,657","9,222","10,347","11,554",12,97
,,,,,,,,,,,,,,,,,,,,
Grand Total - All Sectors,"23,082","23,988","23,626","22,826","24,103","25,800","28,186","30,725","31,499","25,708","24,749","26,915","27,283","29,661","32,946","36,185","38,781","42,274",7.2,26.2
,,,,,,,,,,,,,,,,,,,,
Table 2: Total Employment,,,,,,,,,,,,,,,,,,,,
,,,,,,,,,,,,,,,,,,,% Change,
,2000,2001,2002,2003,2004,2005,2006,2007,2008,2009,2010,2011,2012,2013,2014,2015,2016,2017,15/16,Jul-16
Manufacturing & Other Industry (including Primary Production),,,,,,,,,,,,,,,,,,,%,%
"Agriculture, Fishing, Forestry, Mining & Quarrying","1,801","2,256","2,495","2,311","1,978","1,750","2,497","2,110","1,771","1,833","1,854","2,107","2,002","2,063","2,434","2,355","2,408","2,418",2,14
"Food, Drink & Tobacco","40,340","40,062","37,572","33,550","33,516","34,819","32,722","35,010","32,084","29,920","29,735","31,063","33,324","34,272","36,274","37,700","38,998","40,339",3,11
"Textiles, Clothing, Footware & Leather","6,643","6,188","5,502","3,861","2,721","2,295","2,390","2,143","1,882","1,866","1,802","1,807","1,759","1,785","1,816","1,938","1,970","2,049",2,-8
Wood & Wood Products,"4,499","4,576","4,011","4,238","4,553","4,523","5,005","3,413","2,833","2,521","2,167","2,636","1,996","2,514","3,121","3,396","3,546","3,761",4,4
Paper & Printing,"6,292","6,075","5,599","4,626","4,407","4,328","4,330","4,145","3,775","3,517","3,136","3,647","3,493","3,542","3,784","4,087","3,777","3,863",-8,-9
Chemicals,"2,416","2,690","2,628","2,212","2,446","2,620","2,548","2,659","2,274","2,011","2,097","2,248","2,693","2,388","2,471","2,612","2,740","2,868",5,3
Rubber & Plastics,"4,766","4,662","4,813","4,294","3,827","4,300","4,393","4,426","3,854","3,178","3,233","3,275","3,286","3,543","3,522","3,682","3,866","4,095",5,-13
Non-Metalic Minerals,"8,981","8,090","8,878","8,320","8,375","7,639","8,619","8,260","6,040","4,499","4,408","4,195","3,965","3,886","5,033","5,683","5,687","5,829",0,-31
Basic & Fabricated Metal Products,"10,679","9,907","9,321","9,235","9,024","9,310","9,935","8,989","8,250","7,208","6,291","6,550","6,318","7,025","7,668","8,320","8,840","9,305",6,-2
"Computer, Electronic & Optical Products","4,370","3,710","3,972","4,147","3,134","3,456","3,530","3,853","2,825","2,893","2,694","2,825","3,377","3,154","3,195","3,182","3,407","3,739",7,-12
Electrical equipment,"4,147","3,769","3,351","3,111","3,193","3,000","3,090","2,713","2,569","2,507","2,353","2,790","2,975","3,159","3,029","3,439","3,665","3,976",7,35
Machinery & Equipment,"6,851","6,278","5,938","5,346","5,426","5,463","5,896","6,170","5,524","4,776","4,794","5,100","5,519","5,685","6,182","6,541","6,783","6,995",4,10
Transport Equipment,"1,727",917,932,685,671,734,906,837,913,740,773,951,986,"1,061","1,278","1,230","1,315","1,392",7,57
Medical Device Manufacturing,242,370,429,468,221,179,199,387,378,379,451,495,727,768,858,968,"1,111","1,278",15,187
Other Misc. Manufacturing,"6,195","6,254","6,042","5,561","4,981","4,869","5,504","4,905","4,425","3,286","2,916","2,959","2,960","2,795","3,102","3,709","4,027","4,353",9,-18
Sub Total,"109,949","105,804","101,483","91,965","88,473","89,285","91,564","90,020","79,397","71,134","68,704","72,648","75,380","77,640","83,767","88,842","92,140","96,260",4,2
"Energy, Water, Waste & Construction",,,,,,,,,,,,,,,,,,,,
Energy,0,0,0,0,0,0,34,61,91,165,304,373,330,290,188,252,320,364,27,425
Recycling & Waste,117,257,158,149,279,484,"1,370","1,521","1,663","2,088","2,336","3,109","2,878","1,323","1,525","1,622","1,638","1,713",1,8
Construction (Excl. EI Amendments),"1,382","1,647","2,003","2,010","2,122","2,524","2,279","2,491","3,114","2,074","1,738","1,708","1,701","1,915","2,610","2,986","3,342","3,742",12,34
Construction (EI Amendments),"4,912","4,894","6,879","6,717","7,070","6,876","7,309","9,120","10,922","7,511","5,303","6,117","6,159","7,933","8,370","8,044","9,911","10,586",23,9
Sub Total,"6,411","6,798","9,040","8,876","9,471","9,884","10,992","13,193","15,790","11,838","9,681","11,307","11,068","11,461","12,693","12,904","15,211","16,405",18,15
"Information, Communications & Other Services",,,,,,,,,,,,,,,,,,,,
"Publishing, Broadcasting & Telecommunications","1,549","1,566","1,743","1,386","1,208","1,420","1,406","1,991","1,735","1,938","2,400","2,727","2,766","3,356","3,913","4,176","4,214","4,795",1,112
     Computer Programming,0,66,47,43,44,57,52,73,120,174,309,373,610,604,788,871,"1,029","1,424",18,"1,310"
     Computer Consultancy,"10,516","11,518","9,625","8,525","8,452","8,785","9,071","8,176","8,425","7,267","7,521","8,303","8,498","9,080","9,586","10,705","11,182","12,457",4,37
     Computer Facilities Management,0,0,0,0,0,0,0,0,0,3,10,13,30,30,89,130,96,102,-26,0
Other IT & Computer Services,"1,418","1,543","1,034",956,791,620,"1,158","1,434","1,539","3,632","3,564","3,955","4,701","4,246","4,929","5,084","4,856","4,874",-4,239
Financial Services,"1,500","1,317","1,175","1,331","1,569","2,073","1,963","2,800","3,620","3,974","3,914","4,140","2,625","2,927","3,369","3,545","3,377","3,633",-5,21
Business Services,"4,477","5,253","7,246","6,689","7,518","8,204","9,107","7,860","12,778","13,364","13,599","12,535","14,316","13,785","17,208","19,780","22,243","24,173",12,183
Education,"2,217","1,176",833,565,449,754,654,871,664,685,764,873,"1,108","1,217","1,463","1,468","1,427","1,591",-3,64
Other Services,"5,111","4,580","1,960","1,613","1,633","1,932","2,391","4,091","4,154","3,650","4,647","4,928","4,868","4,596","4,923","7,035","7,844","8,974",11,92
Sub Total,"26,788","27,019","23,663","21,108","21,664","23,845","25,802","27,296","33,035","34,687","36,728","37,847","39,522","39,841","46,268","52,794","56,268","62,023",7,106
,,,,,,,,,,,,,,,,,,,,
Grand Total - All Sectors,"143,148","139,621","134,186","121,949","119,608","123,014","128,358","130,509","128,222","117,659","115,113","121,802","125,970","128,942","142,728","154,540","163,619","174,688",5.9,25.4
,,,,,,,,,,,,,,,,,,,,
Table 3: Total Sales per Person Employed in Manufacturing and Int. Traded Services,,,,,,,,,,,,,,,,,,,,
,,,,,,,,,,,,,,,,,,,% Change,
,2000,2001,2002,2003,2004,2005,2006,2007,2008,2009,2010,2011,2012,2013,2014,2015,2016,2017,15/16,Jul-16
Manufacturing & Other Industry (including Primary Production),€ k,€ k,€ k,€ k,€ k,€ k,€ k,€ k,€ k,€ k,€ k,€ k,€ k,€ k,€ k,€ k,€ k,€ k,%,%
"Agriculture, Fishing, Forestry, Mining & Quarrying",237,218,219,206,196,190,191,175,195,183,199,189,188,191,183,197,196,199,0,12
"Food, Drink & Tobacco",227,236,252,259,266,266,288,312,331,303,321,347,330,359,362,347,337,348,-3,8
"Textiles, Clothing, Footware & Leather",88,98,101,93,114,120,124,151,167,146,148,182,192,205,215,230,244,247,6,62
Wood & Wood Products,128,156,157,175,183,182,169,210,187,143,186,197,218,230,248,269,246,251,-9,17
Paper & Printing,97,102,105,114,118,114,122,131,132,124,125,142,143,145,148,150,156,171,4,19
Chemicals,133,137,150,138,137,139,140,154,188,169,171,194,194,209,216,230,236,238,3,53
Rubber & Plastics,126,126,126,133,159,165,174,194,200,178,177,199,189,185,198,204,204,205,0,5
Non-Metalic Minerals,145,159,158,176,188,219,232,263,300,233,196,205,210,213,217,231,238,243,3,-9
Basic & Fabricated Metal Products,90,95,99,103,111,116,124,137,165,126,122,129,123,126,136,143,150,156,5,9
"Computer, Electronic & Optical Products",164,180,114,126,129,133,141,135,166,155,167,154,149,181,155,205,226,216,10,68
Electrical equipment,89,96,91,109,114,119,132,135,152,129,138,143,162,155,195,203,213,215,5,57
Machinery & Equipment,111,111,113,120,130,140,149,166,188,157,152,166,174,171,176,176,183,201,4,10
Transport Equipment,76,133,153,137,153,149,136,153,154,145,145,153,130,140,129,140,162,161,16,6
Medical Device Manufacturing,267,210,225,215,127,190,197,131,145,155,154,127,137,115,107,116,120,125,4,-8
Other Misc. Manufacturing,87,93,96,107,123,126,117,127,137,121,113,114,115,129,143,148,148,151,0,16
Sub Total,156,166,171,178,189,194,202,225,244,217,226,242,237,253,257,256,254,261,-1,13
"Energy, Water, Waste & Construction",,,,,,,,,,,,,,,,,,,,
Energy,0,0,0,0,0,0,142,140,96,70,78,129,155,127,215,215,188,217,-13,34
Recycling & Waste,186,194,155,151,220,197,220,247,203,166,154,140,147,161,159,157,160,157,2,-35
Construction (Excl. EI Amendments),589,517,434,451,493,484,636,592,522,500,365,182,205,256,241,250,256,271,2,-57
Construction (EI Amendments),343,344,299,287,318,364,398,366,372,415,423,405,383,330,338,398,390,400,-2,7
Sub Total,393,380,326,322,354,386,425,394,382,381,337,290,287,293,295,330,332,341,1,-16
"Information, Communications & Other Services",,,,,,,,,,,,,,,,,,,,
"Publishing, Broadcasting & Telecommunications",116,133,109,120,124,127,141,164,154,136,147,136,141,130,133,153,157,158,3,-4
     Computer Programming,0,66,95,103,116,144,97,157,93,117,104,84,101,88,91,103,101,114,-2,-35
     Computer Consultancy,91,98,98,86,99,109,119,144,146,146,145,149,153,154,160,164,173,172,6,20
     Computer Facilities Management,0,0,0,0,0,0,0,0,0,0,0,40,48,39,25,43,57,70,33,0
Other IT & Computer Services,225,280,188,268,344,400,192,149,126,78,91,84,86,102,102,108,121,169,13,-19
Financial Services,299,302,449,532,584,542,540,518,400,367,349,328,332,299,284,372,431,454,16,-17
Business Services,143,168,157,165,172,183,221,182,175,150,147,154,149,168,163,177,184,182,4,1
Education,67,115,186,346,395,305,348,285,378,353,378,363,285,319,301,323,365,352,13,28
Other Services,149,136,87,258,242,195,89,98,108,128,104,104,149,164,167,125,125,118,-1,27
Sub Total,129,141,140,170,187,194,194,193,184,167,162,161,157,167,165,175,184,186,5,-5
,,,,,,,,,,,,,,,,,,,,
Grand Total - All Sectors,161,172,176,187,202,210,220,235,246,218,215,221,217,230,231,234,237,242,1.2,0.7
,,,,,,,,,,,,,,,,,,,,
Table 4: Total Exports plus Sales to the Dairy Board,,,,,,,,,,,,,,,,,,,,
,,,,,,,,,,,,,,,,,,,% Change,
,2000,2001,2002,2003,2004,2005,2006,2007,2008,2009,2010,2011,2012,2013,2014,2015,2016,2017,15/16,Jul-16
Manufacturing & Other Industry (including Primary Production),€ m,€ m,€ m,€ m,€ m,€ m,€ m,€ m,€ m,€ m,€ m,€ m,€ m,€ m,€ m,€ m,€ m,€ m,%,%
"Agriculture, Fishing, Forestry, Mining & Quarrying",246,276,308,274,198,169,221,195,203,197,214,212,193,179,201,232,233,236,0,19
"Food, Drink & Tobacco","4,383","4,248","4,271","4,116","4,212","4,599","4,923","5,531","5,269","4,219","4,953","5,775","5,821","6,468","7,026","7,081","7,121","7,708",1,29
"Textiles, Clothing, Footware & Leather",312,337,320,177,164,153,153,186,185,162,167,213,234,235,262,302,324,344,7,74
Wood & Wood Products,109,126,107,133,135,128,149,163,122,112,158,238,209,228,275,281,279,310,0,72
Paper & Printing,116,133,128,123,109,119,110,115,104,81,86,91,96,92,107,115,117,174,2,2
Chemicals,130,162,166,144,149,177,183,208,240,194,229,275,344,344,365,395,429,460,9,106
Rubber & Plastics,221,226,243,256,255,292,268,350,351,258,314,389,373,390,417,445,455,481,2,30
Non-Metalic Minerals,218,217,231,248,217,228,257,306,195,168,200,313,317,290,420,490,445,475,-9,45
Basic & Fabricated Metal Products,162,181,201,201,191,172,256,256,278,199,235,325,310,351,410,482,487,552,1,90
"Computer, Electronic & Optical Products",491,418,223,300,202,239,285,298,242,246,306,293,345,415,337,486,590,617,21,98
Electrical equipment,218,200,163,191,214,228,257,229,257,211,215,275,358,359,421,512,563,621,10,146
Machinery & Equipment,335,281,242,232,274,298,322,476,475,369,395,521,612,634,697,721,767,894,6,61
Transport Equipment,60,42,58,41,41,46,42,47,72,59,63,87,91,98,114,104,119,131,15,155
Medical Device Manufacturing,59,68,90,90,16,28,33,35,41,46,55,47,77,66,65,80,97,116,22,177
Other Misc. Manufacturing,151,181,183,174,169,177,166,165,141,100,125,145,146,161,193,252,271,312,7,64
Sub Total,"7,210","7,096","6,933","6,698","6,545","7,055","7,625","8,559","8,175","6,621","7,715","9,198","9,527","10,310","11,310","11,979","12,296","13,431",3,44
"Energy, Water, Waste & Construction",,,,,,,,,,,,,,,,,,,,
Energy,0,0,0,0,0,0,0,2,3,2,8,37,39,22,13,21,9,16,-56,455
Recycling & Waste,12,29,11,14,36,28,46,72,39,44,57,97,82,39,44,41,39,40,-4,-46
Construction (Excl. EI Amendments),13,21,19,19,20,13,19,23,36,95,132,31,36,59,99,122,122,163,0,419
Construction (EI Amendments),21,17,60,56,53,113,134,264,402,393,547,"1,095",955,905,885,"1,258","1,274","1,300",1,383
Sub Total,46,68,90,89,109,154,198,361,480,534,743,"1,260","1,112","1,025","1,041","1,441","1,444","1,519",0,300
"Information, Communications & Other Services",,,,,,,,,,,,,,,,,,,,
"Publishing, Broadcasting & Telecommunications",42,27,23,16,18,21,73,91,65,48,74,85,139,149,200,253,269,330,6,197
     Computer Programming,0,0,2,2,1,5,2,3,3,7,18,15,33,26,36,50,67,115,34,"1,925"
     Computer Consultancy,531,673,597,467,491,589,633,671,619,577,639,754,814,849,932,"1,086","1,231","1,375",13,83
     Computer Facilities Management,0,0,0,0,0,0,0,0,0,0,0,0,1,1,1,2,2,2,-19,0
Other IT & Computer Services,292,405,175,230,251,229,187,172,128,130,185,182,222,246,279,328,407,608,24,137
Financial Services,201,164,295,399,540,640,515,729,629,631,580,527,618,574,640,936,"1,111","1,279",19,52
Business Services,297,289,236,265,391,427,672,562,700,742,829,885,"1,008","1,122","1,401","1,802","2,145","2,276",19,282
Education,113,69,84,174,176,215,207,233,228,225,269,293,293,341,391,419,456,492,9,96
Other Services,69,103,40,58,57,61,61,157,123,104,108,133,212,203,237,257,299,329,16,91
Sub Total,"1,545","1,731","1,454","1,611","1,925","2,187","2,351","2,617","2,496","2,465","2,703","2,874","3,341","3,511","4,118","5,133","5,986","6,805",17,129
,,,,,,,,,,,,,,,,,,,,
Grand Total - All Sectors,"8,801","8,895","8,477","8,398","8,579","9,395","10,174","11,538","11,151","9,620","11,161","13,332","13,980","14,845","16,468","18,553","19,727","21,755",6.3,71
,,,,,,,,,,,,,,,,,,,,
Table 5: Total Exports including sales to the Dairy Board as a percentage of Total Sales in Manufacturing and Int. Traded Services ,,,,,,,,,,,,,,,,,,,,
,,,,,,,,,,,,,,,,,,,% Change,
,2000,2001,2002,2003,2004,2005,2006,2007,2008,2009,2010,2011,2012,2013,2014,2015,2016,2017,15/16,Jul-16
Manufacturing & Other Industry (including Primary Production),%,%,%,%,%,%,%,%,%,%,%,%,%,%,%,%,%,%,%,%
"Agriculture, Fishing, Forestry, Mining & Quarrying",58,56,56,57,51,51,46,53,59,59,58,53,51,46,45,50,49,49,-2,-7
"Food, Drink & Tobacco",48,45,45,47,47,50,52,51,50,47,52,54,53,53,54,54,54,55,0,7
"Textiles, Clothing, Footware & Leather",53,55,58,49,53,56,52,57,59,59,62,65,69,64,67,68,67,68,-1,17
Wood & Wood Products,19,18,17,18,16,16,18,23,23,31,39,46,48,39,36,31,32,33,4,41
Paper & Printing,19,21,22,23,21,24,21,21,21,19,22,18,19,18,19,19,20,26,6,-6
Chemicals,40,44,42,47,45,49,51,51,56,57,64,63,66,69,68,66,66,67,1,30
Rubber & Plastics,37,38,40,45,42,41,35,41,45,46,55,60,60,60,60,59,58,57,-2,42
Non-Metalic Minerals,17,17,16,17,14,14,13,14,11,16,23,36,38,35,38,37,33,34,-12,133
Basic & Fabricated Metal Products,17,19,22,21,19,16,21,21,20,22,31,38,40,40,39,41,37,38,-9,78
"Computer, Electronic & Optical Products",69,63,49,57,50,52,57,57,52,55,68,67,69,73,68,75,77,76,3,33
Electrical equipment,59,55,53,57,59,64,63,62,66,65,66,69,74,73,71,73,72,73,-1,16
Machinery & Equipment,44,41,36,36,39,39,37,46,46,49,54,61,64,65,64,63,62,64,-1,33
Transport Equipment,45,35,41,43,40,42,34,36,51,55,56,59,71,66,69,60,56,58,-8,53
Medical Device Manufacturing,91,87,93,89,56,83,85,69,74,79,79,75,77,75,71,72,73,73,2,6
Other Misc. Manufacturing,28,31,31,29,28,29,26,27,23,25,38,43,43,45,43,46,46,47,-1,72
Sub Total,42,40,40,41,39,41,41,42,42,43,50,52,53,52,52,53,53,53,0,24
"Energy, Water, Waste & Construction",,,,,,,,,,,,,,,,,,,,
Energy,0,0,0,0,0,0,0,20,31,19,33,76,77,59,32,39,15,21,-61,-21
Recycling & Waste,57,59,47,64,59,29,15,19,12,13,16,22,19,19,18,16,15,15,-7,-23
Construction (Excl. EI Amendments),2,3,2,2,2,1,1,2,2,9,21,10,10,12,16,16,14,16,-13,794
Construction (EI Amendments),1,1,3,3,2,5,5,8,10,13,24,44,40,35,31,39,33,31,-16,317
Sub Total,2,3,3,3,3,4,4,7,8,12,23,38,35,30,28,34,29,27,-16,312
"Information, Communications & Other Services",,,,,,,,,,,,,,,,,,,,
"Publishing, Broadcasting & Telecommunications",23,13,12,9,12,12,37,28,24,18,21,23,36,34,38,40,41,44,2,46
     Computer Programming,0,9,54,48,26,56,34,29,28,35,57,49,53,49,50,56,64,71,15,122
     Computer Consultancy,56,60,63,64,58,61,59,57,50,55,59,61,63,61,61,62,64,64,3,12
     Computer Facilities Management,0,0,0,0,0,0,0,0,0,0,0,87,86,68,66,35,29,32,-17,0
Other IT & Computer Services,92,94,90,90,92,92,84,80,66,46,57,55,55,57,55,60,69,74,15,-14
Financial Services,45,41,56,56,59,57,49,50,43,43,42,39,71,66,67,71,76,78,8,52
Business Services,46,33,21,24,30,28,33,39,31,37,41,46,47,48,50,51,52,52,2,34
Education,76,51,54,89,99,94,91,94,91,93,93,92,93,88,89,88,88,88,-1,-6
Other Services,9,17,24,14,14,16,29,39,27,22,22,26,29,27,29,29,31,31,5,-22
Sub Total,45,45,44,45,48,47,47,50,41,43,45,47,54,53,54,56,58,59,4,16
,,,,,,,,,,,,,,,,,,,,
Grand Total - All Sectors,38,37,36,37,36,36,36,38,35,37,45,50,51,50,50,51,51,51,-0.8,35.5
,,,,,,,,,,,,,,,,,,,,
Table 6: Total Payroll Costs,,,,,,,,,,,,,,,,,,,,
,,,,,,,,,,,,,,,,,,,% Change,
,2000,2001,2002,2003,2004,2005,2006,2007,2008,2009,2010,2011,2012,2013,2014,2015,2016,,15/16,Jul-16
Manufacturing & Other Industry (including Primary Production),€ m,€ m,€ m,€ m,€ m,€ m,€ m,€ m,€ m,€ m,€ m,€ m,€ m,€ m,€ m,€ m,€ m,,%,%
"Agriculture, Fishing, Forestry, Mining & Quarrying",46,68,70,60,57,49,83,74,64,68,63,72,68,74,90,88,91,,4,23
"Food, Drink & Tobacco","1,062","1,116","1,158","1,078","1,077","1,161","1,142","1,266","1,206","1,065","1,096","1,165","1,247","1,269","1,365","1,502","1,559",,4,23
"Textiles, Clothing, Footware & Leather",124,136,129,99,84,76,82,83,73,69,62,65,66,65,67,73,75,,3,-10
Wood & Wood Products,103,118,109,122,140,141,152,125,111,94,76,94,72,90,112,126,129,,2,3
Paper & Printing,177,183,176,165,163,167,180,173,162,146,127,155,150,152,166,184,169,,-8,-2
Chemicals,66,79,84,75,84,95,99,102,97,84,89,100,123,111,114,129,137,,7,34
Rubber & Plastics,116,122,130,126,128,137,155,162,150,123,120,120,121,129,131,140,153,,9,-6
Non-Metalic Minerals,272,276,306,321,353,324,376,391,326,231,232,214,224,284,330,373,379,,2,-3
Basic & Fabricated Metal Products,257,261,257,274,276,305,345,335,351,282,240,242,231,257,298,324,349,,8,4
"Computer, Electronic & Optical Products",124,129,136,148,109,138,142,181,144,134,130,126,151,145,152,157,171,,9,-6
Electrical equipment,83,83,83,82,91,94,101,91,101,91,85,104,109,114,126,144,156,,8,72
Machinery & Equipment,165,167,172,162,174,186,222,231,247,189,184,194,209,217,241,264,274,,4,18
Transport Equipment,32,22,27,21,21,23,31,31,31,26,27,32,32,34,46,48,54,,12,75
Medical Device Manufacturing,9,10,11,12,8,6,7,15,14,16,19,21,29,32,37,42,50,,18,234
Other Misc. Manufacturing,135,146,151,158,167,159,188,182,179,127,106,100,105,105,119,151,163,,8,-11
Sub Total,"2,769","2,914","2,999","2,902","2,932","3,060","3,304","3,442","3,257","2,745","2,657","2,805","2,938","3,077","3,396","3,745","3,908",,4,14
"Energy, Water, Waste & Construction",,,,,,,,,,,,,,,,,,,,
Energy,0,0,0,0,0,0,1,2,4,6,22,27,24,24,22,26,31,,18,"1,510"
Recycling & Waste,2,5,3,4,7,15,48,59,70,74,80,101,102,47,52,55,57,,4,-4
Construction (Excl. EI Amendments),70,82,103,106,117,133,133,135,176,155,96,64,67,86,117,144,162,,13,21
Construction (EI Amendments),269,282,377,376,405,421,455,453,615,494,381,417,394,427,509,515,589,,14,30
Sub Total,341,369,483,486,529,569,636,649,866,728,579,610,587,583,700,740,839,,13,29
"Information, Communications & Other Services",,,,,,,,,,,,,,,,,,,,
"Publishing, Broadcasting & Telecommunications",52,53,60,53,49,58,75,108,91,98,123,139,158,173,215,252,254,,1,135
     Computer Programming,0,2,2,3,2,3,3,4,4,8,15,22,33,30,39,53,58,,9,"1,355"
     Computer Consultancy,436,549,456,368,402,454,495,465,489,432,423,483,512,552,589,669,708,,6,52
     Computer Facilities Management,0,0,0,0,0,0,0,0,0,0,1,1,1,1,6,7,10,,32,0
Other IT & Computer Services,61,71,52,43,39,39,40,47,60,119,122,148,181,176,214,230,247,,8,432
Financial Services,44,50,52,62,79,103,112,147,194,212,238,243,189,192,216,245,235,,-4,59
Business Services,136,207,312,298,294,336,436,420,808,767,720,659,691,720,876,985,"1,130",,15,169
Education,19,135,49,28,16,26,10,9,11,13,17,18,16,28,30,36,35,,-2,280
Other Services,153,143,62,53,63,64,65,127,155,133,165,178,204,211,238,254,269,,6,111
Sub Total,902,"1,210","1,044",909,943,"1,084","1,235","1,327","1,814","1,781","1,822","1,890","1,985","2,083","2,423","2,733","2,946",,8,122
,,,,,,,,,,,,,,,,,,,,
Grand Total - All Sectors,"4,011","4,494","4,526","4,297","4,405","4,713","5,175","5,418","5,937","5,255","5,059","5,304","5,510","5,743","6,519","7,217","7,693",,6.6,42
,,,,,,,,,,,,,,,,,,,,
Table 7: Total Payroll Costs per Person Employed in Manufacturing and Int. Traded Services,,,,,,,,,,,,,,,,,,,,
,,,,,,,,,,,,,,,,,,,% Change,
,2000,2001,2002,2003,2004,2005,2006,2007,2008,2009,2010,2011,2012,2013,2014,2015,2016,,15/16,Jul-16
Manufacturing & Other Industry (including Primary Production),€ k,€ k,€ k,€ k,€ k,€ k,€ k,€ k,€ k,€ k,€ k,€ k,€ k,€ k,€ k,€ k,€ k,,%,%
"Agriculture, Fishing, Forestry, Mining & Quarrying",25,30,28,26,29,28,33,35,36,37,34,34,34,36,37,37,38,,2,8
"Food, Drink & Tobacco",26,28,31,32,32,33,35,36,38,36,37,37,37,37,38,40,40,,0,11
"Textiles, Clothing, Footware & Leather",19,22,24,26,31,33,34,39,39,37,34,36,38,36,37,38,38,,1,-2
Wood & Wood Products,23,26,27,29,31,31,30,37,39,37,35,36,36,36,36,37,36,,-2,-1
Paper & Printing,28,30,31,36,37,39,42,42,43,41,41,43,43,43,44,45,45,,-1,7
Chemicals,27,29,32,34,34,36,39,38,43,42,43,45,46,46,46,49,50,,2,30
Rubber & Plastics,24,26,27,29,34,32,35,37,39,39,37,37,37,36,37,38,40,,4,8
Non-Metalic Minerals,30,34,34,39,42,42,44,47,54,51,53,51,57,73,66,66,67,,2,41
Basic & Fabricated Metal Products,24,26,28,30,31,33,35,37,43,39,38,37,37,37,39,39,40,,2,6
"Computer, Electronic & Optical Products",28,35,34,36,35,40,40,47,51,46,48,45,45,46,48,49,50,,1,6
Electrical equipment,20,22,25,26,28,31,33,34,39,36,36,37,37,36,42,42,43,,2,27
Machinery & Equipment,24,27,29,30,32,34,38,37,45,40,38,38,38,38,39,40,40,,0,8
Transport Equipment,18,24,29,31,31,31,34,37,34,36,35,34,33,32,36,39,41,,5,11
Medical Device Manufacturing,35,26,25,25,36,33,36,39,38,43,43,43,40,41,43,44,45,,3,16
Other Misc. Manufacturing,22,23,25,28,34,33,34,37,40,39,36,34,35,38,39,41,40,,-1,9
Sub Total,25,28,30,32,33,34,36,38,41,39,39,39,39,40,41,42,42,,1,11
"Energy, Water, Waste & Construction",,,,,,,,,,,,,,,,,,,,
Energy,0,0,0,0,0,0,24,31,48,34,73,74,73,84,116,104,97,,-7,207
Recycling & Waste,16,18,20,25,27,31,35,39,42,35,34,33,35,35,34,34,35,,3,-11
Construction (Excl. EI Amendments),50,50,51,53,55,53,58,54,57,75,55,38,39,45,45,48,49,,1,-10
Construction (EI Amendments),55,58,55,56,57,61,62,50,56,66,72,68,64,54,61,64,59,,-7,20
Sub Total,53,54,53,55,56,58,58,49,55,62,60,54,53,51,55,57,55,,-4,12
"Information, Communications & Other Services",,,,,,,,,,,,,,,,,,,,
"Publishing, Broadcasting & Telecommunications",34,34,34,38,41,41,53,54,53,50,51,51,57,52,55,60,60,,0,11
     Computer Programming,0,37,37,63,47,49,52,55,37,45,48,59,54,50,50,61,57,,-7,3
     Computer Consultancy,41,48,47,43,48,52,55,57,58,59,56,58,60,61,61,62,63,,1,11
     Computer Facilities Management,0,0,0,0,0,0,0,0,0,14,64,53,49,47,67,57,102,,78,0
Other IT & Computer Services,43,46,50,45,49,63,35,32,39,33,34,37,38,41,43,45,51,,13,57
Financial Services,29,38,44,47,51,50,57,53,54,53,61,59,72,65,64,69,69,,0,32
Business Services,30,39,43,45,39,41,48,53,63,57,53,53,48,52,51,50,51,,2,-5
Education,9,115,59,50,35,34,16,11,17,19,22,21,15,23,20,24,24,,0,132
Other Services,30,31,32,33,38,33,27,31,37,36,36,36,42,46,48,36,34,,-5,10
Sub Total,34,45,44,43,44,45,48,49,55,51,50,50,50,52,52,52,52,,1,8
,,,,,,,,,,,,,,,,,,,,
Grand Total - All Sectors,28,32,34,35,37,38,40,42,46,45,44,44,44,45,46,47,47,,0.7,13.3
,,,,,,,,,,,,,,,,,,,,
Table 8: Total Cost of Materials,,,,,,,,,,,,,,,,,,,,
,,,,,,,,,,,,,,,,,,,% Change,
,2000,2001,2002,2003,2004,2005,2006,2007,2008,2009,2010,2011,2012,2013,2014,2015,2016,,15/16,Jul-16
Manufacturing & Other Industry (including Primary Production),€ m,€ m,€ m,€ m,€ m,€ m,€ m,€ m,€ m,€ m,€ m,€ m,€ m,€ m,€ m,€ m,€ m,,%,%
"Agriculture, Fishing, Forestry, Mining & Quarrying",270,274,333,299,227,187,274,218,186,173,200,203,204,217,240,243,245,,1,12
"Food, Drink & Tobacco","6,633","6,648","6,381","5,981","6,265","6,428","6,482","7,204","7,244","6,008","6,592","7,663","7,828","8,648","9,175","9,200","9,115",,-1,27
"Textiles, Clothing, Footware & Leather",264,265,235,164,141,126,126,141,145,127,133,166,184,191,214,252,246,,-2,75
Wood & Wood Products,329,429,381,430,472,447,429,384,278,185,228,291,255,375,518,619,539,,-13,40
Paper & Printing,263,268,244,219,222,191,217,227,210,178,169,228,221,228,240,257,251,,-2,11
Chemicals,149,147,164,132,147,155,148,180,207,156,170,186,264,257,262,291,320,,10,78
Rubber & Plastics,283,274,281,254,258,334,368,420,385,256,291,335,304,329,347,368,391,,6,-7
Non-Metalic Minerals,511,593,571,686,774,795,928,965,834,505,282,391,360,376,489,544,550,,1,-43
Basic & Fabricated Metal Products,461,441,453,452,459,502,600,580,676,415,346,427,377,410,485,571,626,,10,8
"Computer, Electronic & Optical Products",455,395,255,299,221,249,259,280,248,227,185,206,233,277,237,348,433,,24,55
Electrical equipment,197,179,155,158,151,168,190,172,194,148,144,211,202,229,258,299,326,,9,89
Machinery & Equipment,421,340,318,313,349,372,422,501,511,372,353,426,490,517,571,574,633,,10,26
Transport Equipment,72,68,87,58,61,63,72,65,74,43,50,72,52,65,69,79,101,,27,56
Medical Device Manufacturing,22,25,32,32,10,12,14,18,18,19,24,28,39,37,39,48,59,,24,224
Other Misc. Manufacturing,256,254,252,265,276,253,270,251,263,168,131,136,148,146,181,213,247,,16,-2
Sub Total,"10,586","10,599","10,142","9,743","10,032","10,281","10,800","11,607","11,471","8,979","9,297","10,968","11,160","12,304","13,324","13,908","14,083",,1,21
"Energy, Water, Waste & Construction",,,,,,,,,,,,,,,,,,,,
Energy,0,0,0,0,0,0,7,8,6,9,13,22,23,9,3,1,3,,167,-65
Recycling & Waste,13,30,15,11,26,22,40,76,41,42,42,82,76,36,33,39,40,,0,-48
Construction (Excl. EI Amendments),380,403,405,403,506,594,685,705,718,401,232,82,86,117,150,189,199,,5,-72
Construction (EI Amendments),536,547,580,458,530,585,671,944,"1,211",921,691,798,711,838,764,735,894,,22,-5
Sub Total,929,980,"1,000",873,"1,062","1,201","1,403","1,733","1,977","1,373",978,984,895,"1,000",950,964,"1,135",,18,-34
"Information, Communications & Other Services",,,,,,,,,,,,,,,,,,,,
"Publishing, Broadcasting & Telecommunications",65,82,56,53,44,46,44,62,48,38,47,44,44,51,57,65,60,,-8,-3
     Computer Programming,0,0,0,0,0,0,0,0,1,1,1,1,3,2,3,7,11,,55,"3,582"
     Computer Consultancy,162,171,120,136,167,158,176,199,181,132,153,169,172,180,206,269,335,,24,68
     Computer Facilities Management,0,0,0,0,0,0,0,0,0,0,0,0,0,0,0,1,1,,-8,0
Other IT & Computer Services,26,31,25,10,6,6,15,11,11,18,29,52,56,56,67,75,73,,-2,588
Financial Services,3,2,1,1,4,12,20,39,80,46,72,86,102,112,147,197,216,,10,452
Business Services,221,306,342,341,312,326,353,236,311,186,203,152,148,172,200,296,303,,2,28
Education,3,9,25,14,0,2,1,2,2,5,9,4,2,4,4,4,5,,34,157
Other Services,266,184,37,35,37,33,100,148,148,111,87,156,301,234,247,259,316,,22,113
Sub Total,746,784,607,590,570,582,709,697,781,536,600,664,830,811,931,"1,172","1,319",,13,89
,,,,,,,,,,,,,,,,,,,,
Grand Total - All Sectors,"12,261","12,363","11,748","11,206","11,664","12,065","12,913","14,037","14,229","10,889","10,875","12,616","12,884","14,115","15,205","16,044","16,537",,3.1,17.8
,,,,,,,,,,,,,,,,,,,,
Table 9: Total Cost of Materials Sourced in Ireland,,,,,,,,,,,,,,,,,,,,
,,,,,,,,,,,,,,,,,,,% Change,
,2000,2001,2002,2003,2004,2005,2006,2007,2008,2009,2010,2011,2012,2013,2014,2015,2016,,15/16,Jul-16
Manufacturing & Other Industry (including Primary Production),€ m,€ m,€ m,€ m,€ m,€ m,€ m,€ m,€ m,€ m,€ m,€ m,€ m,€ m,€ m,€ m,€ m,,%,%
"Agriculture, Fishing, Forestry, Mining & Quarrying",237,253,303,275,199,154,209,170,159,143,159,160,152,159,180,169,174,,3,2
"Food, Drink & Tobacco","5,467","5,804","5,416","5,018","5,252","5,451","5,498","5,989","5,949","4,912","5,382","6,247","6,301","6,892","7,108","7,077","6,921",,-2,16
"Textiles, Clothing, Footware & Leather",109,102,108,48,33,21,18,24,19,16,15,17,18,20,20,24,23,,-3,-6
Wood & Wood Products,247,368,291,328,316,288,220,218,163,111,137,203,191,309,433,521,441,,-15,102
Paper & Printing,118,124,137,115,109,74,82,102,100,84,79,108,94,100,102,113,107,,-5,5
Chemicals,51,65,95,64,58,71,79,69,61,47,47,57,68,63,68,76,80,,5,17
Rubber & Plastics,81,94,123,113,94,100,72,79,79,64,63,67,66,78,77,72,78,,9,-1
Non-Metalic Minerals,358,439,429,511,574,587,659,646,548,359,172,205,178,185,247,266,261,,-2,-60
Basic & Fabricated Metal Products,201,194,199,216,205,205,235,247,308,183,138,155,143,157,181,201,233,,16,-6
"Computer, Electronic & Optical Products",92,109,69,95,66,59,62,72,54,45,33,56,62,57,59,60,63,,5,-13
Electrical equipment,69,66,55,59,48,44,50,47,56,46,44,58,56,59,79,95,101,,6,115
Machinery & Equipment,160,161,147,149,156,150,170,197,200,155,149,165,186,199,223,220,234,,6,19
Transport Equipment,22,21,40,28,24,22,25,22,21,11,14,25,15,19,18,24,27,,11,24
Medical Device Manufacturing,3,3,4,3,1,1,1,5,5,5,5,7,9,9,11,13,16,,26,242
Other Misc. Manufacturing,123,135,138,167,176,128,126,115,136,78,50,55,62,60,71,86,104,,22,-10
Sub Total,"7,337","7,940","7,552","7,191","7,312","7,352","7,508","8,003","7,856","6,260","6,488","7,584","7,598","8,366","8,877","9,016","8,864",,-2,11
"Energy, Water, Waste & Construction",,,,,,,,,,,,,,,,,,,,
Energy,0,0,0,0,0,0,6,5,3,4,6,4,8,4,1,1,1,,77,-71
Recycling & Waste,13,28,12,10,25,20,35,70,27,33,35,72,61,29,31,35,35,,0,-51
Construction (Excl. EI Amendments),336,348,359,357,409,474,553,547,562,354,204,51,65,91,121,136,135,,-1,-75
Construction (EI Amendments),494,500,527,393,457,511,560,750,990,699,497,429,374,477,472,436,533,,22,-29
Sub Total,844,877,898,760,891,"1,005","1,155","1,373","1,582","1,089",742,556,508,601,626,607,704,,16,-49
"Information, Communications & Other Services",,,,,,,,,,,,,,,,,,,,
"Publishing, Broadcasting & Telecommunications",48,49,24,29,25,25,32,45,31,23,31,30,28,32,35,34,35,,1,-23
     Computer Programming,0,0,0,0,0,0,0,0,1,0,0,0,2,1,1,2,3,,33,993
     Computer Consultancy,70,90,56,83,80,75,75,103,96,67,89,95,86,83,87,101,117,,16,14
     Computer Facilities Management,0,0,0,0,0,0,0,0,0,0,0,0,0,0,0,0,0,,-95,0
Other IT & Computer Services,10,10,5,2,2,2,8,6,7,13,15,16,17,15,14,15,19,,26,220
Financial Services,3,2,1,1,1,2,5,7,8,7,10,10,13,13,4,8,9,,21,26
Business Services,120,182,219,214,193,198,223,156,189,111,113,90,75,91,108,145,151,,4,-4
Education,2,6,15,8,0,1,1,2,2,4,6,3,2,3,4,3,4,,21,127
Other Services,154,151,22,17,18,14,61,88,95,43,31,88,205,157,157,162,188,,16,114
Sub Total,407,490,343,354,318,316,405,407,429,267,296,332,428,395,409,470,525,,12,29
,,,,,,,,,,,,,,,,,,,,
Grand Total - All Sectors,"8,588","9,307","8,793","8,306","8,521","8,674","9,067","9,782","9,866","7,617","7,526","8,471","8,534","9,362","9,912","10,093","10,093",,0,3.2
,,,,,,,,,,,,,,,,,,,,
Table 10: Irish-Sourced Materials as a Percentage of Total Materials,,,,,,,,,,,,,,,,,,,,
,,,,,,,,,,,,,,,,,,,% Change,
,2000,2001,2002,2003,2004,2005,2006,2007,2008,2009,2010,2011,2012,2013,2014,2015,2016,,15/16,Jul-16
Manufacturing & Other Industry (including Primary Production),%,%,%,%,%,%,%,%,%,%,%,,,,,,,,%,%
"Agriculture, Fishing, Forestry, Mining & Quarrying",88,92,91,92,88,82,77,78,86,82,80,78,74,73,75,70,71,,2,-9
"Food, Drink & Tobacco",82,87,85,84,84,85,85,83,82,82,82,82,81,80,77,77,76,,-1,-9
"Textiles, Clothing, Footware & Leather",41,39,46,29,24,16,15,17,13,13,11,10,10,10,9,9,9,,0,-46
Wood & Wood Products,75,86,76,76,67,64,51,57,59,60,60,70,75,82,84,84,82,,-3,44
Paper & Printing,45,46,56,53,49,39,38,45,48,47,47,47,42,44,43,44,43,,-3,-5
Chemicals,34,44,58,49,40,46,53,38,29,30,28,31,26,24,26,26,25,,-4,-34
Rubber & Plastics,29,34,44,45,36,30,20,19,21,25,22,20,22,24,22,19,20,,2,6
Non-Metalic Minerals,70,74,75,74,74,74,71,67,66,71,61,52,49,49,50,49,47,,-3,-29
Basic & Fabricated Metal Products,43,44,44,48,45,41,39,43,45,44,40,36,38,38,37,35,37,,6,-13
"Computer, Electronic & Optical Products",20,28,27,32,30,24,24,26,22,20,18,27,26,21,25,17,15,,-15,-43
Electrical equipment,35,37,35,37,32,26,26,27,29,31,31,28,28,26,31,32,31,,-2,14
Machinery & Equipment,38,47,46,48,45,40,40,39,39,42,42,39,38,38,39,38,37,,-4,-6
Transport Equipment,31,31,46,49,39,35,35,33,29,25,27,35,29,28,26,30,27,,-12,-21
Medical Device Manufacturing,12,14,12,11,8,7,8,26,25,25,22,23,22,25,28,27,28,,2,6
Other Misc. Manufacturing,48,53,55,63,64,50,47,46,52,47,38,41,42,41,39,40,42,,5,-8
Sub Total,69,75,74,74,73,72,70,69,68,70,70,69,68,68,67,65,63,,-3,-9
"Energy, Water, Waste & Construction",,,,,,,,,,,,,,,,,,,,
Energy,0,0,0,0,0,0,85,61,44,40,42,18,34,47,52,76,51,,-34,-17
Recycling & Waste,100,95,83,86,96,94,89,93,65,78,83,88,81,80,93,88,88,,0,-5
Construction (Excl. EI Amendments),88,87,88,89,81,80,81,78,78,88,88,63,77,78,81,72,68,,-6,-13
Construction (EI Amendments),92,91,91,86,86,87,83,79,82,76,72,54,53,57,62,59,60,,1,-25
Sub Total,91,89,90,87,84,84,82,79,80,79,76,56,57,60,66,63,62,,-1,-22
"Information, Communications & Other Services",,,,,,,,,,,,,,,,,,,,
"Publishing, Broadcasting & Telecommunications",74,60,43,55,56,55,74,72,65,61,66,67,63,62,62,52,57,,10,-20
     Computer Programming,0,0,0,0,0,0,0,100,84,21,27,6,54,44,37,35,30,,-14,-70
     Computer Consultancy,43,53,47,61,48,48,43,52,53,51,58,56,50,46,42,38,35,,-7,-32
     Computer Facilities Management,0,0,0,0,0,0,0,0,0,0,0,27,81,21,73,10,1,,-95,0
Other IT & Computer Services,37,32,21,20,27,30,55,56,65,70,53,30,31,27,20,20,26,,29,-53
Financial Services,97,100,100,100,20,13,22,19,10,16,14,12,12,12,3,4,4,,10,-77
Business Services,55,60,64,63,62,61,63,66,61,60,56,59,50,53,54,49,50,,2,-25
Education,75,70,61,58,100,85,72,80,89,70,62,77,85,78,82,79,71,,-10,-12
Other Services,58,82,60,48,49,41,61,59,65,39,36,57,68,67,64,63,60,,-5,0
Sub Total,55,63,57,60,56,54,57,58,55,50,49,50,52,49,44,40,40,,-1,-32
,,,,,,,,,,,,,,,,,,,,
Grand Total - All Sectors,70,75,75,74,73,72,70,70,69,70,69,67,66,66,65,63,61,,-3,-12.4
,,,,,,,,,,,,,,,,,,,,
Table 11: Total Cost of Services (including Royalties),,,,,,,,,,,,,,,,,,,,
,,,,,,,,,,,,,,,,,,,% Change,
,2000,2001,2002,2003,2004,2005,2006,2007,2008,2009,2010,2011,2012,2013,2014,2015,2016,,15/16,Jul-16
Manufacturing & Other Industry (including Primary Production),€ m,€ m,€ m,€ m,€ m,€ m,€ m,€ m,€ m,€ m,€ m,€ m,€ m,€ m,€ m,€ m,€ m,,%,%
"Agriculture, Fishing, Forestry, Mining & Quarrying",62,78,86,74,62,60,75,61,68,73,58,68,53,53,63,72,70,,-3,15
"Food, Drink & Tobacco","1,121","1,187","1,149","1,159","1,153","1,221","1,276","1,427","1,309","1,065","1,089","1,164","1,144","1,232","1,267","1,352","1,340",,-1,-6
"Textiles, Clothing, Footware & Leather",74,76,64,51,46,44,49,60,52,48,46,57,62,53,58,68,69,,2,16
Wood & Wood Products,83,122,112,128,135,123,126,117,82,78,70,99,82,96,111,123,126,,2,8
Paper & Printing,88,93,81,79,70,72,76,67,58,49,41,55,55,54,58,63,67,,8,1
Chemicals,63,72,84,60,72,80,81,82,84,67,78,94,100,86,97,101,106,,5,29
Rubber & Plastics,85,77,75,85,91,99,103,113,116,87,76,85,85,94,88,93,99,,7,-12
Non-Metalic Minerals,374,392,272,168,187,178,184,274,218,178,223,203,221,211,264,282,277,,-2,1
Basic & Fabricated Metal Products,125,117,114,115,114,129,137,133,140,104,91,108,96,103,118,137,166,,21,25
"Computer, Electronic & Optical Products",71,78,69,70,63,70,75,86,67,66,77,54,60,55,61,62,68,,9,-21
Electrical equipment,35,42,38,40,44,43,47,39,44,40,38,46,41,45,46,52,67,,29,69
Machinery & Equipment,86,96,84,83,90,104,106,113,123,92,85,95,102,103,111,118,126,,7,11
Transport Equipment,12,11,12,8,9,10,11,13,13,11,14,19,22,21,16,15,16,,3,25
Medical Device Manufacturing,23,26,34,35,15,8,14,15,15,14,16,20,28,33,33,35,38,,9,146
Other Misc. Manufacturing,74,75,79,89,90,92,103,97,94,58,50,52,50,47,63,75,84,,12,-13
Sub Total,"2,377","2,542","2,352","2,244","2,240","2,332","2,464","2,698","2,481","2,029","2,053","2,219","2,202","2,283","2,454","2,649","2,720",,3,1
"Energy, Water, Waste & Construction",,,,,,,,,,,,,,,,,,,,
Energy,0,0,0,0,0,0,1,2,3,5,18,18,12,12,15,16,20,,24,"1,134"
Recycling & Waste,3,8,4,7,17,40,135,147,122,134,152,163,166,90,112,115,124,,8,-16
Construction (Excl. EI Amendments),34,34,37,37,60,73,78,89,114,67,52,90,146,170,222,267,321,,20,262
Construction (EI Amendments),838,837,897,860,"1,039","1,170","1,420","1,343","1,646","1,390",905,827,802,870,977,"1,352","1,551",,15,15
Sub Total,875,879,938,903,"1,116","1,283","1,633","1,580","1,885","1,596","1,126","1,098","1,125","1,142","1,326","1,749","2,015",,15,28
"Information, Communications & Other Services",,,,,,,,,,,,,,,,,,,,
"Publishing, Broadcasting & Telecommunications",42,41,41,30,29,43,52,95,80,70,119,134,135,135,176,215,217,,1,129
     Computer Programming,0,1,2,2,1,2,1,2,2,7,9,10,21,19,31,35,37,,4,"2,093"
     Computer Consultancy,291,301,237,184,217,234,273,272,285,249,251,282,293,303,311,340,380,,12,40
     Computer Facilities Management,0,0,0,0,0,0,0,0,0,0,0,0,0,0,1,1,1,,-29,0
Other IT & Computer Services,57,66,44,49,42,44,20,15,45,53,49,50,80,101,121,139,154,,10,905
Financial Services,51,60,58,61,84,124,139,155,165,111,136,170,190,152,156,179,173,,-3,12
Business Services,89,127,170,158,145,184,399,432,574,604,659,630,816,909,"1,059","1,365","1,613",,18,274
Education,20,29,32,42,28,30,20,10,12,8,10,17,14,28,29,30,35,,15,261
Other Services,128,97,45,43,56,67,95,197,271,179,156,180,218,203,235,220,234,,7,19
Sub Total,677,721,629,569,603,727,"1,000","1,176","1,434","1,281","1,390","1,472","1,768","1,850","2,118","2,524","2,842",,13,142
,,,,,,,,,,,,,,,,,,,,
Grand Total - All Sectors,"3,928","4,141","3,919","3,716","3,960","4,342","5,097","5,454","5,800","4,906","4,570","4,789","5,096","5,275","5,897","6,922","7,577",,9.5,38.9
,,,,,,,,,,,,,,,,,,,,
Table 12: Total Cost of Services Sourced in Ireland ,,,,,,,,,,,,,,,,,,,,
,,,,,,,,,,,,,,,,,,,% Change,
,2000,2001,2002,2003,2004,2005,2006,2007,2008,2009,2010,2011,2012,2013,2014,2015,2016,,15/16,Jul-16
Manufacturing & Other Industry (including Primary Production),€ m,€ m,€ m,€ m,€ m,€ m,€ m,€ m,€ m,€ m,€ m,€ m,€ m,€ m,€ m,€ m,€ m,,%,%
"Agriculture, Fishing, Forestry, Mining & Quarrying",57,72,80,70,59,53,58,44,54,62,50,56,38,35,42,49,47,,-3,7
"Food, Drink & Tobacco","1,025","1,104","1,071","1,056","1,038","1,085","1,069","1,161","1,074",911,927,997,979,"1,047","1,097","1,159","1,146",,-1,-1
"Textiles, Clothing, Footware & Leather",61,59,53,41,36,36,41,44,32,31,28,38,40,35,39,37,40,,7,-8
Wood & Wood Products,73,112,103,122,127,117,116,105,75,72,63,89,73,85,98,111,115,,3,9
Paper & Printing,79,83,68,70,63,64,68,60,51,42,35,49,50,48,50,54,58,,7,-4
Chemicals,56,65,76,54,64,70,67,71,72,58,64,75,78,66,73,76,78,,3,10
Rubber & Plastics,74,68,67,77,81,86,86,95,100,71,65,73,73,80,76,78,86,,9,-10
Non-Metalic Minerals,277,294,199,139,157,145,148,206,164,135,195,161,170,167,220,235,227,,-3,10
Basic & Fabricated Metal Products,114,109,105,107,105,118,121,117,122,91,83,97,84,85,103,118,143,,21,22
"Computer, Electronic & Optical Products",58,63,54,58,51,58,64,70,53,53,63,40,44,43,45,46,50,,10,-28
Electrical equipment,28,35,34,36,38,34,38,32,35,33,31,36,32,35,35,37,38,,4,21
Machinery & Equipment,75,75,70,67,76,85,84,93,94,77,71,78,86,86,90,97,103,,6,11
Transport Equipment,11,9,9,6,7,9,10,9,8,10,12,17,18,17,12,12,14,,12,53
Medical Device Manufacturing,4,4,5,6,8,1,3,11,11,8,9,8,12,15,14,14,18,,28,60
Other Misc. Manufacturing,62,68,70,82,81,81,91,82,79,49,42,43,42,39,50,61,71,,17,-13
Sub Total,"2,053","2,219","2,064","1,992","1,990","2,042","2,064","2,200","2,023","1,702","1,738","1,858","1,819","1,882","2,046","2,184","2,233",,2,2
"Energy, Water, Waste & Construction",,,,,,,,,,,,,,,,,,,,
Energy,0,0,0,0,0,0,1,1,2,4,11,6,9,9,12,13,16,,23,963
Recycling & Waste,3,7,3,5,15,37,128,131,111,122,143,152,155,85,106,108,115,,6,-12
Construction (Excl. EI Amendments),32,32,34,35,55,67,71,81,103,63,48,36,59,90,116,136,149,,10,85
Construction (EI Amendments),835,833,864,836,"1,028","1,158","1,381","1,328","1,607","1,298",775,586,547,628,706,997,"1,224",,23,-8
Sub Total,870,871,901,876,"1,098","1,263","1,580","1,541","1,824","1,487",978,780,771,812,941,"1,254","1,503",,20,-2
"Information, Communications & Other Services",,,,,,,,,,,,,,,,,,,,
"Publishing, Broadcasting & Telecommunications",39,39,39,28,26,36,48,86,71,63,86,96,93,94,112,158,160,,1,86
     Computer Programming,0,1,2,2,1,2,1,1,1,5,7,8,18,16,21,21,17,,-16,"1,331"
     Computer Consultancy,213,225,183,142,167,170,196,189,208,177,180,198,195,192,202,207,212,,3,12
     Computer Facilities Management,0,0,0,0,0,0,0,0,0,0,0,0,0,0,1,1,1,,-27,0
Other IT & Computer Services,45,49,32,31,30,30,14,13,23,31,33,37,52,61,84,85,83,,-2,552
Financial Services,39,21,57,60,82,103,94,103,115,80,100,123,110,102,117,136,132,,-3,28
Business Services,72,103,142,129,117,137,134,172,271,262,260,250,344,350,395,459,585,,28,241
Education,19,26,30,39,23,21,12,9,12,8,9,14,11,24,26,26,28,,10,224
Other Services,124,94,44,38,51,62,76,146,186,116,109,130,156,147,157,160,173,,9,19
Sub Total,552,557,528,470,497,561,576,719,888,743,785,856,979,986,"1,115","1,252","1,392",,11,94
,,,,,,,,,,,,,,,,,,,,
Grand Total - All Sectors,"3,475","3,648","3,493","3,338","3,585","3,866","4,220","4,460","4,736","3,931","3,500","3,494","3,569","3,681","4,102","4,691","5,128",,9.3,15
,,,,,,,,,,,,,,,,,,,,
Table 13: Irish-Sourced Services as a Percentage of Total Services,,,,,,,,,,,,,,,,,,,,
,,,,,,,,,,,,,,,,,,,% Change,
,2000,2001,2002,2003,2004,2005,2006,2007,2008,2009,2010,2011,2012,2013,2014,2015,2016,,15/16,Jul-16
Manufacturing & Other Industry (including Primary Production),%,%,%,%,%,%,%,%,%,%,%,%,%,%,%,%,%,,%,%
"Agriculture, Fishing, Forestry, Mining & Quarrying",92,92,93,94,94,88,77,72,79,85,85,83,72,66,67,67,67,,0,-7
"Food, Drink & Tobacco",91,93,93,91,90,89,84,81,82,86,85,86,86,85,87,86,86,,0,5
"Textiles, Clothing, Footware & Leather",82,78,83,81,79,83,83,73,62,64,61,66,65,66,67,55,58,,5,-21
Wood & Wood Products,88,92,92,95,94,95,92,90,91,92,90,90,89,89,89,90,91,,1,1
Paper & Printing,90,89,84,89,90,89,89,90,88,85,86,89,90,89,86,86,86,,0,-5
Chemicals,88,90,90,91,89,88,82,86,86,87,83,80,78,77,75,75,73,,-2,-15
Rubber & Plastics,86,88,90,90,89,87,84,84,86,82,85,86,86,85,87,84,86,,2,2
Non-Metalic Minerals,74,75,73,83,84,81,81,75,75,76,87,80,77,79,83,83,82,,-2,9
Basic & Fabricated Metal Products,91,94,92,93,92,91,88,88,87,88,91,90,88,82,88,86,86,,0,-2
"Computer, Electronic & Optical Products",81,81,79,83,81,83,85,81,80,80,82,75,73,79,75,73,74,,1,-9
Electrical equipment,81,84,88,88,86,79,81,80,80,81,80,77,77,77,76,72,58,,-20,-28
Machinery & Equipment,88,79,84,81,84,81,79,82,76,83,83,82,84,84,81,82,82,,0,0
Transport Equipment,92,78,77,78,77,87,90,70,65,92,91,87,83,81,78,79,86,,9,23
Medical Device Manufacturing,16,17,16,18,58,18,18,73,71,60,55,40,42,45,41,40,47,,18,-35
Other Misc. Manufacturing,84,90,89,92,89,89,88,85,85,85,83,83,83,83,79,81,85,,4,0
Sub Total,86,87,88,89,89,88,84,82,82,84,85,84,83,82,83,82,82,,0,1
"Energy, Water, Waste & Construction",,,,,,,,,,,,,,,,,,,,
Energy,0,0,0,0,0,0,100,93,86,85,60,34,76,74,80,81,80,,-1,-14
Recycling & Waste,91,82,84,80,86,93,95,89,91,92,95,93,94,95,95,94,93,,-1,4
Construction (Excl. EI Amendments),94,93,93,94,91,92,92,91,91,94,93,40,40,53,52,51,46,,-9,-49
Construction (EI Amendments),100,100,96,97,99,99,97,99,98,93,86,71,68,72,72,74,79,,7,-20
Sub Total,99,99,96,97,98,98,97,98,97,93,87,71,68,71,71,72,75,,4,-24
"Information, Communications & Other Services",,,,,,,,,,,,,,,,,,,,
"Publishing, Broadcasting & Telecommunications",94,95,95,95,91,84,92,91,89,90,72,72,69,70,64,74,74,,0,-19
     Computer Programming,0,100,100,100,92,82,81,72,73,74,79,81,84,84,69,59,47,,-20,-35
     Computer Consultancy,73,75,77,77,77,73,72,70,73,71,72,70,66,64,65,61,56,,-8,-20
     Computer Facilities Management,0,0,0,0,0,0,0,0,0,100,95,50,61,80,88,91,94,,3,0
Other IT & Computer Services,80,75,72,62,70,69,71,83,52,58,66,74,65,60,70,61,54,,-12,-35
Financial Services,77,34,98,98,98,83,67,67,70,72,74,73,58,67,75,76,76,,0,14
Business Services,81,82,83,82,81,74,34,40,47,43,39,40,42,38,37,34,36,,8,-9
Education,95,89,94,94,83,73,61,91,96,95,91,81,80,85,89,86,82,,-5,-10
Other Services,97,97,96,90,90,93,80,74,69,65,70,72,72,73,67,73,74,,2,0
Sub Total,82,77,84,83,82,77,58,61,62,58,56,58,55,53,53,50,49,,-1,-20
,,,,,,,,,,,,,,,,,,,,
Grand Total - All Sectors,88,88,89,90,91,89,83,82,82,80,77,73,70,70,70,68,68,,-0.1,-17.2
,,,,,,,,,,,,,,,,,,,,
Table 14: Total Value Added (Sales-(Total Materials Cost + Total Services Cost)),,,,,,,,,,,,,,,,,,,,
,,,,,,,,,,,,,,,,,,,% Change,
,2000,2001,2002,2003,2004,2005,2006,2007,2008,2009,2010,2011,2012,2013,2014,2015,2016,,15/16,Jul-16
Manufacturing & Other Industry (including Primary Production),€ m,€ m,€ m,€ m,€ m,€ m,€ m,€ m,€ m,€ m,€ m,€ m,€ m,€ m,€ m,€ m,€ m,,%,%
"Agriculture, Fishing, Forestry, Mining & Quarrying",95,139,129,104,99,86,129,91,92,89,111,126,120,124,141,149,158,,6,73
"Food, Drink & Tobacco","1,402","1,636","1,929","1,560","1,503","1,617","1,653","2,296","2,061","1,980","1,861","1,940","2,015","2,421","2,690","2,533","2,675",,6,17
"Textiles, Clothing, Footware & Leather",244,269,255,143,123,105,121,123,118,98,88,106,92,123,119,126,166,,31,35
Wood & Wood Products,161,162,136,183,226,251,291,215,171,98,105,129,98,107,145,172,207,,20,-4
Paper & Printing,262,258,263,230,226,229,234,250,232,210,182,235,223,232,262,293,270,,-8,8
Chemicals,110,149,147,114,115,130,128,146,138,118,112,157,157,156,175,208,219,,6,50
Rubber & Plastics,230,237,251,231,259,275,295,323,272,223,207,231,230,232,262,292,298,,2,-8
Non-Metalic Minerals,413,302,557,609,617,699,886,929,757,365,358,267,252,239,340,485,527,,9,-43
Basic & Fabricated Metal Products,370,388,353,382,427,450,497,522,547,387,332,311,304,368,442,480,530,,10,2
"Computer, Electronic & Optical Products",189,195,130,154,119,140,163,153,154,155,186,176,211,239,198,241,269,,12,76
Electrical equipment,138,140,113,139,169,147,172,155,153,136,141,143,238,216,287,348,388,,11,150
Machinery & Equipment,253,258,272,243,265,291,348,410,405,285,292,325,368,355,409,458,482,,5,17
Transport Equipment,48,42,44,28,33,36,40,51,54,52,48,54,54,62,80,77,97,,26,90
Medical Device Manufacturing,20,27,31,34,3,14,11,17,22,26,29,15,33,18,20,29,36,,24,112
Other Misc. Manufacturing,211,251,250,243,246,266,272,274,251,172,148,149,142,167,200,261,263,,1,-4
Sub Total,"4,146","4,452","4,860","4,397","4,430","4,737","5,241","5,956","5,427","4,395","4,200","4,365","4,537","5,061","5,770","6,153","6,584",,7,11
"Energy, Water, Waste & Construction",,,,,,,,,,,,,,,,,,,,
Energy,0,0,0,0,0,0,-3,-1,0,-2,-7,8,17,16,22,37,38,,1,0
Recycling & Waste,5,12,6,4,18,34,127,154,174,170,166,190,182,87,98,100,99,,-1,-35
Construction (Excl. EI Amendments),401,414,428,467,480,553,687,682,794,569,350,139,117,203,258,291,336,,16,-51
Construction (EI Amendments),310,300,579,611,680,748,819,"1,052","1,210",805,645,855,845,913,"1,088","1,112","1,424",,28,35
Sub Total,716,727,"1,013","1,082","1,178","1,335","1,630","1,886","2,177","1,542","1,154","1,193","1,161","1,219","1,466","1,540","1,897",,23,1
"Information, Communications & Other Services",,,,,,,,,,,,,,,,,,,,
"Publishing, Broadcasting & Telecommunications",72,85,93,83,77,91,102,169,139,156,186,193,212,251,290,360,386,,7,129
     Computer Programming,0,4,3,2,4,6,4,9,8,13,22,20,38,32,38,48,57,,19,499
     Computer Consultancy,502,655,589,413,455,569,631,709,762,677,687,785,836,911,"1,013","1,143","1,221",,7,72
     Computer Facilities Management,0,0,0,0,0,0,0,0,0,0,0,0,1,1,1,4,4,,6,0
Other IT & Computer Services,236,336,125,197,223,198,187,188,138,211,245,231,268,276,317,334,363,,9,93
Financial Services,394,336,469,647,828,989,899,"1,257","1,203","1,303","1,156","1,101",581,611,655,943,"1,068",,13,-15
Business Services,333,450,624,602,834,992,"1,258",764,"1,350","1,209","1,141","1,150","1,164","1,237","1,546","1,849","2,179",,18,185
Education,126,98,98,140,149,199,206,237,237,229,270,296,299,356,406,441,481,,9,103
Other Services,367,342,87,339,302,277,18,57,30,178,242,175,208,316,342,403,428,,6,645
Sub Total,"2,031","2,304","2,087","2,425","2,872","3,321","3,305","3,391","3,867","3,977","3,950","3,952","3,606","3,991","4,608","5,525","6,186",,12,82
,,,,,,,,,,,,,,,,,,,,
Grand Total - All Sectors,"6,892","7,483","7,959","7,905","8,480","9,393","10,176","11,234","11,471","9,914","9,304","9,510","9,303","10,271","11,844","13,218","14,667",,11,30.6
,,,,,,,,,,,,,,,,,,,,
Table 15: Total Value Added per person employed in Manufacturing and Int. Traded Services,,,,,,,,,,,,,,,,,,,,
,,,,,,,,,,,,,,,,,,,% Change,
,2000,2001,2002,2003,2004,2005,2006,2007,2008,2009,2010,2011,2012,2013,2014,2015,2016,,15/16,Jul-16
Manufacturing & Other Industry (including Primary Production),€ k,€ k,€ k,€ k,€ k,€ k,€ k,€ k,€ k,€ k,€ k,€ k,€ k,€ k,€ k,€ k,€ k,,%,%
"Agriculture, Fishing, Forestry, Mining & Quarrying",53,62,52,45,50,49,52,43,52,49,60,60,60,60,58,63,65,,4,51
"Food, Drink & Tobacco",35,41,51,47,45,46,51,66,64,66,63,62,60,71,74,67,69,,2,5
"Textiles, Clothing, Footware & Leather",37,43,46,37,45,46,51,57,63,53,49,59,52,69,65,65,84,,29,47
Wood & Wood Products,36,35,34,43,50,56,58,63,60,39,48,49,49,43,46,51,58,,15,-8
Paper & Printing,42,42,47,50,51,53,54,60,62,60,58,64,64,66,69,72,71,,0,19
Chemicals,45,56,56,51,47,50,50,55,61,59,53,70,58,66,71,79,80,,1,46
Rubber & Plastics,48,51,52,54,68,64,67,73,70,70,64,71,70,65,74,79,77,,-3,5
Non-Metalic Minerals,46,37,63,73,74,91,103,112,125,81,81,64,64,62,68,85,93,,9,-18
Basic & Fabricated Metal Products,35,39,38,41,47,48,50,58,66,54,53,47,48,52,58,58,60,,4,3
"Computer, Electronic & Optical Products",43,53,33,37,38,40,46,40,54,53,69,62,62,76,62,76,79,,4,99
Electrical equipment,33,37,34,45,53,49,56,57,60,54,60,51,80,68,95,101,106,,4,85
Machinery & Equipment,37,41,46,46,49,53,59,67,73,60,61,64,67,62,66,70,71,,1,7
Transport Equipment,28,46,47,41,49,50,45,61,60,71,62,57,55,59,62,63,74,,18,21
Medical Device Manufacturing,84,73,72,73,16,78,58,44,59,68,65,29,46,24,23,30,33,,8,-26
Other Misc. Manufacturing,34,40,41,44,49,55,49,56,57,52,51,50,48,60,64,70,65,,-7,17
Sub Total,38,42,48,48,50,53,57,66,68,62,61,60,60,65,69,69,71,,3,8
"Energy, Water, Waste & Construction",,,,,,,,,,,,,,,,,,,,
Energy,0,0,0,0,0,0,-85,-23,-4,-15,-24,22,51,56,119,148,118,,-20,0
Recycling & Waste,43,46,38,29,65,70,93,101,104,81,71,61,63,65,64,62,61,,-2,-40
Construction (Excl. EI Amendments),290,252,214,232,226,219,301,274,255,274,201,82,69,106,99,97,101,,3,-63
Construction (EI Amendments),63,61,84,91,96,109,112,115,111,107,122,140,137,115,130,138,144,,4,25
Sub Total,112,107,112,122,124,135,148,143,138,130,119,106,105,106,115,119,125,,4,-13
"Information, Communications & Other Services",,,,,,,,,,,,,,,,,,,,
"Publishing, Broadcasting & Telecommunications",47,55,53,60,64,64,73,85,80,81,78,71,77,75,74,86,92,,6,8
     Computer Programming,0,55,60,50,93,109,72,130,69,77,72,54,62,52,49,55,55,,1,-57
     Computer Consultancy,48,57,61,48,54,65,70,87,90,93,91,95,98,100,106,107,109,,2,26
     Computer Facilities Management,0,0,0,0,0,0,0,0,0,-2,-33,12,35,21,16,28,41,,44,0
Other IT & Computer Services,166,218,121,207,282,319,161,131,90,58,69,58,57,65,64,66,75,,14,-43
Financial Services,263,255,399,486,528,477,458,449,332,328,295,266,221,209,194,266,316,,19,-30
Business Services,74,86,86,90,111,121,138,97,106,90,84,92,81,90,90,93,98,,5,1
Education,57,83,117,248,331,264,315,272,356,334,353,339,270,293,278,300,337,,12,24
Other Services,72,75,44,210,185,143,8,14,7,49,52,36,43,69,69,57,55,,-5,289
Sub Total,76,85,88,115,133,139,128,124,117,115,108,104,91,100,100,105,110,,5,-12
,,,,,,,,,,,,,,,,,,,,
Grand Total - All Sectors,48,54,59,65,71,76,79,86,89,84,81,78,74,80,83,86,90,,4.8,4.1
,,,,,,,,,,,,,,,,,,,,
Table 16: Total Payroll Bill as a percentage of Value Added,,,,,,,,,,,,,,,,,,,,
,,,,,,,,,,,,,,,,,,,% Change,
,2000,2001,2002,2003,2004,2005,2006,2007,2008,2009,2010,2011,2012,2013,2014,2015,2016,,15/16,Jul-16
Manufacturing & Other Industry (including Primary Production),%,%,%,%,%,%,%,%,%,%,%,%,%,%,%,%,%,,%,%
"Agriculture, Fishing, Forestry, Mining & Quarrying",48,49,54,58,58,58,64,81,70,76,57,57,57,59,64,59,58,,-2,-29
"Food, Drink & Tobacco",76,68,60,69,72,72,69,55,59,54,59,60,62,52,51,59,58,,-2,6
"Textiles, Clothing, Footware & Leather",51,51,51,69,68,73,68,67,62,70,70,61,72,53,57,58,45,,-22,-33
Wood & Wood Products,63,73,80,66,62,56,52,58,65,96,73,73,74,84,77,73,62,,-15,7
Paper & Printing,68,71,67,71,72,73,77,69,70,69,70,66,67,66,63,63,63,,0,-10
Chemicals,60,53,57,66,73,73,77,70,71,71,80,64,78,71,65,62,63,,1,-10
Rubber & Plastics,50,51,52,55,50,50,52,50,55,55,58,52,53,56,50,48,51,,7,2
Non-Metalic Minerals,66,91,55,53,57,46,42,42,43,63,65,80,89,119,97,77,72,,-6,71
Basic & Fabricated Metal Products,69,67,73,72,65,68,69,64,64,73,72,78,76,70,67,67,66,,-2,3
"Computer, Electronic & Optical Products",66,66,105,96,91,98,87,119,94,86,70,72,72,61,77,65,64,,-3,-46
Electrical equipment,60,59,73,59,54,64,58,59,66,67,60,72,46,53,44,41,40,,-3,-31
Machinery & Equipment,65,65,63,67,66,64,64,56,61,66,63,60,57,61,59,58,57,,-1,1
Transport Equipment,66,51,62,75,63,62,76,60,57,50,57,60,60,54,58,62,55,,-11,-8
Medical Device Manufacturing,42,35,35,34,230,42,63,87,65,63,66,146,87,174,188,144,138,,-5,58
Other Misc. Manufacturing,64,58,60,65,68,60,69,66,71,74,71,67,74,63,60,58,62,,7,-7
Sub Total,67,65,62,66,66,65,63,58,60,62,63,64,65,61,59,61,59,,-2,3
"Energy, Water, Waste & Construction",,,,,,,,,,,,,,,,,,,,
Energy,0,0,0,0,0,0,0,0,0,0,0,339,145,150,97,70,82,,17,0
Recycling & Waste,36,40,52,85,41,44,37,38,40,43,48,53,56,54,54,54,57,,5,49
Construction (Excl. EI Amendments),17,20,24,23,24,24,19,20,22,27,27,46,57,42,45,49,48,,-2,145
Construction (EI Amendments),87,94,65,61,60,56,56,43,51,61,59,49,47,47,47,46,41,,-11,-4
Sub Total,48,51,48,45,45,43,39,34,40,47,50,51,51,48,48,48,44,,-8,29
"Information, Communications & Other Services",,,,,,,,,,,,,,,,,,,,
"Publishing, Broadcasting & Telecommunications",72,63,65,63,64,64,73,64,66,62,66,72,74,69,74,70,66,,-6,3
     Computer Programming,0,67,61,127,51,45,72,43,53,58,66,109,88,97,103,113,103,,-8,143
     Computer Consultancy,87,84,77,89,88,80,78,66,64,64,61,61,61,61,58,59,58,,-1,-12
     Computer Facilities Management,0,0,0,0,0,0,0,0,0,0,0,447,140,218,413,203,251,,24,0
Other IT & Computer Services,26,21,41,22,17,20,21,25,43,56,50,64,67,64,67,69,68,,-1,175
Financial Services,11,15,11,10,10,10,12,12,16,16,21,22,33,31,33,26,22,,-16,88
Business Services,41,46,50,50,35,34,35,55,60,63,63,57,59,58,57,53,52,,-3,-6
Education,15,138,50,20,11,13,5,4,5,6,6,6,5,8,7,8,7,,-10,88
Other Services,42,42,71,16,21,23,352,222,526,75,68,101,98,67,70,63,63,,0,-72
Sub Total,44,53,50,37,33,33,37,39,47,45,46,48,55,52,53,49,48,,-4,22
,,,,,,,,,,,,,,,,,,,,
Grand Total - All Sectors,58,60,57,54,52,50,51,48,52,53,54,56,59,56,55,55,52,,-3.9,8.8
,,,,,,,,,,,,,,,,,,,,
"Table 17: Total Cost of all formal, structured training",,,,,,,,,,,,,,,,,,,,
,,,,,,,,,,,,,,,,,,,% Change,
,2000,2001,2002,2003,2004,2005,2006,2007,2008,2009,2010,2011,2012,2013,2014,2015,2016,,15/16,Jul-16
Manufacturing & Other Industry (including Primary Production),€ m,€ m,€ m,€ m,€ m,€ m,€ m,€ m,€ m,€ m,€ m,€ m,€ m,€ m,€ m,€ m,€ m,,%,%
"Agriculture, Fishing, Forestry, Mining & Quarrying",0,1,1,1,1,0,1,1,1,1,1,1,1,1,1,1,1,,-4,39
"Food, Drink & Tobacco",13,17,15,15,12,13,13,16,17,14,13,15,16,16,17,17,17,,0,3
"Textiles, Clothing, Footware & Leather",2,2,2,1,1,1,1,1,1,1,1,1,1,1,1,1,1,,12,-26
Wood & Wood Products,1,1,2,2,2,2,2,2,2,2,1,1,1,1,2,2,2,,3,-13
Paper & Printing,2,1,1,1,1,2,2,2,2,1,1,1,1,1,1,2,2,,1,10
Chemicals,1,1,1,1,1,1,2,2,1,1,1,2,2,1,1,1,2,,14,-5
Rubber & Plastics,1,2,1,2,2,3,2,3,3,2,2,2,2,2,2,2,3,,24,-1
Non-Metalic Minerals,2,2,2,2,2,2,2,2,2,1,1,1,1,1,1,1,1,,9,-41
Basic & Fabricated Metal Products,6,4,4,4,3,4,4,5,6,4,3,4,4,4,4,4,5,,6,-16
"Computer, Electronic & Optical Products",3,3,2,2,1,2,2,3,2,2,2,2,2,2,2,2,2,,9,-35
Electrical equipment,1,2,1,1,1,2,1,1,1,1,1,1,1,1,1,1,2,,15,65
Machinery & Equipment,3,2,2,2,2,2,3,3,4,3,3,3,3,3,3,4,4,,3,27
Transport Equipment,0,0,0,0,0,0,0,0,1,0,0,0,0,0,0,0,0,,21,47
Medical Device Manufacturing,0,0,0,0,0,0,0,0,0,0,0,0,1,1,1,1,1,,9,233
Other Misc. Manufacturing,2,2,3,3,3,4,3,4,2,2,1,1,1,1,1,1,2,,29,-46
Sub Total,38,40,37,36,33,38,38,45,44,36,32,35,36,36,39,41,43,,6,-5
"Energy, Water, Waste & Construction",,,,,,,,,,,,,,,,,,,,
Energy,0,0,0,0,0,0,0,0,0,0,0,0,0,0,0,0,0,,176,81
Recycling & Waste,0,0,0,0,0,0,0,0,1,1,1,1,1,0,0,0,0,,-6,-22
Construction (Excl. EI Amendments),0,0,0,0,1,1,1,1,1,1,1,1,1,1,1,2,2,,46,209
Construction (EI Amendments),2,2,4,5,5,5,2,3,4,2,2,2,2,2,3,3,4,,32,29
Sub Total,2,2,5,6,6,6,3,5,6,4,4,4,4,4,4,5,7,,39,58
"Information, Communications & Other Services",,,,,,,,,,,,,,,,,,,,
"Publishing, Broadcasting & Telecommunications",1,1,1,1,1,1,1,2,1,2,2,2,2,2,2,2,2,,1,38
     Computer Programming,0,0,0,0,0,0,0,0,0,0,1,0,1,1,1,1,1,,8,"1,647"
     Computer Consultancy,13,11,6,4,5,6,8,8,7,6,6,6,6,6,7,7,7,,-5,-8
     Computer Facilities Management,0,0,0,0,0,0,0,0,0,0,0,0,0,0,0,0,0,,115,0
Other IT & Computer Services,1,1,1,1,1,1,0,1,1,1,1,1,2,2,3,3,3,,6,514
Financial Services,0,0,1,1,1,1,1,1,2,2,2,1,2,2,2,3,2,,-20,50
Business Services,2,3,4,3,4,4,5,6,8,6,7,8,7,7,9,12,13,,9,117
Education,0,2,1,0,0,0,0,0,1,0,0,0,0,1,1,0,0,,11,6
Other Services,5,4,1,1,1,1,1,1,1,1,2,2,3,2,2,2,3,,43,194
Sub Total,23,21,13,11,11,13,16,18,21,18,20,22,23,24,27,30,32,,5,74
,,,,,,,,,,,,,,,,,,,,
Grand Total - All Sectors,63,64,55,53,49,57,58,68,71,59,56,61,63,63,71,76,82,,7.7,20.7
,,,,,,,,,,,,,,,,,,,,
"Table 18: Cost of all Structured, Formal Training as a percentage of payroll",,,,,,,,,,,,,,,,,,,,
,,,,,,,,,,,,,,,,,,,% Change,
,2000,2001,2002,2003,2004,2005,2006,2007,2008,2009,2010,2011,2012,2013,2014,2015,2016,,15/16,Jul-16
Manufacturing & Other Industry (including Primary Production),%,%,%,%,%,%,%,%,%,%,%,%,%,%,%,%,%,,%,%
"Agriculture, Fishing, Forestry, Mining & Quarrying",0.9,1,1,0.9,1,0.9,0.7,0.7,1.1,1.3,1.1,1.2,1.1,1.2,1.2,0.9,0.8,,-7,13
"Food, Drink & Tobacco",1.3,1.5,1.3,1.4,1.1,1.1,1.1,1.3,1.4,1.4,1.2,1.3,1.3,1.3,1.2,1.1,1.1,,-4,-16
"Textiles, Clothing, Footware & Leather",1.3,1.4,1.4,1.4,1.2,1.4,1.2,1.3,1.2,1.2,1.4,1.5,1.2,1,1,1,1.1,,9,-18
Wood & Wood Products,1.1,1.3,1.5,1.5,1.1,1.3,1.5,1.7,1.7,1.6,1.6,1.6,1.8,1.6,1.6,1.4,1.4,,0,-16
Paper & Printing,1,0.7,0.7,0.8,0.8,0.9,0.9,1,1.1,0.9,1,0.9,0.8,0.8,0.7,1,1.1,,11,12
Chemicals,1.1,1.1,1.1,1.8,1.2,1.1,1.6,1.7,1.5,1.5,1.3,1.7,1.7,1.3,1.3,1.1,1.2,,7,-29
Rubber & Plastics,1.1,1.4,1.1,1.3,1.2,1.8,1.4,1.8,2,1.5,1.7,1.8,1.6,1.4,1.5,1.7,1.9,,14,5
Non-Metalic Minerals,0.6,0.9,0.8,0.7,0.6,0.7,0.5,0.6,0.6,0.6,0.4,0.4,0.4,0.3,0.3,0.3,0.4,,7,-39
Basic & Fabricated Metal Products,2.4,1.6,1.5,1.3,1.3,1.1,1.3,1.6,1.7,1.4,1.2,1.5,1.6,1.4,1.4,1.3,1.3,,-2,-19
"Computer, Electronic & Optical Products",2.3,2.1,1.3,1.2,1.3,1.5,1.5,1.7,1.5,1.5,1.5,1.2,1.1,1,1.1,1.2,1.2,,0,-31
Electrical equipment,1.7,1.8,1,1,1,2.6,1.4,1.1,1,1.3,1.4,1.3,1.2,1.1,1,1,1.1,,6,-4
Machinery & Equipment,1.7,1.4,1.3,1.4,1.2,1.2,1.3,1.3,1.5,1.7,1.5,1.3,1.3,1.3,1.4,1.4,1.4,,-1,7
Transport Equipment,1.3,1.9,1.2,0.9,0.9,1.1,0.9,1.1,1.9,1.2,1.4,0.8,0.9,1,0.9,0.8,0.9,,7,-16
Medical Device Manufacturing,0.5,0.6,0.4,0.5,1.7,3.5,3.2,1.9,1.3,1.5,1.7,1.5,2.1,2,1.8,2,1.9,,-8,0
Other Misc. Manufacturing,1.6,1.5,1.7,1.6,1.9,2.2,1.7,1.9,1.3,1.3,1.3,1.3,1.3,1.1,1,1,1.2,,20,-40
Sub Total,1.4,1.4,1.2,1.3,1.1,1.2,1.2,1.3,1.4,1.3,1.2,1.2,1.2,1.2,1.2,1.1,1.1,,1,-16
"Energy, Water, Waste & Construction",,,,,,,,,,,,,,,,,,,,
Energy,0,0,0,0,0,0,4.9,14.2,3.2,2.4,2.1,1.7,1.2,0.8,0.9,0.7,1.6,,134,-89
Recycling & Waste,0,0.2,0.8,1.1,0.7,1.1,0.9,0.8,0.8,0.8,0.9,0.8,0.8,0.8,0.8,0.7,0.7,,-9,-19
Construction (Excl. EI Amendments),0.3,0.3,0.3,0.4,0.5,0.6,0.5,0.6,0.6,0.6,0.9,1,0.9,1,1,1.2,1.5,,30,156
Construction (EI Amendments),0.8,0.8,1.2,1.4,1.3,1.2,0.5,0.7,0.7,0.5,0.5,0.6,0.6,0.6,0.5,0.6,0.7,,16,0
Sub Total,0.7,0.7,1,1.2,1.1,1.1,0.5,0.7,0.7,0.6,0.7,0.7,0.7,0.7,0.6,0.7,0.9,,23,22
"Information, Communications & Other Services",,,,,,,,,,,,,,,,,,,,
"Publishing, Broadcasting & Telecommunications",1.7,1.5,0.9,1.1,1.1,1.6,1.2,1.5,1.5,1.6,1.5,1.6,1.5,1.1,1,0.9,0.9,,0,-42
     Computer Programming,0,1,0.9,0.6,1.2,1.5,1.6,1.1,2.2,2.8,3.5,1.8,2.4,1.9,1.7,1.4,1.3,,-1,20
     Computer Consultancy,3,1.9,1.4,1.2,1.2,1.3,1.6,1.6,1.4,1.4,1.3,1.3,1.2,1.2,1.1,1.1,1,,-10,-40
     Computer Facilities Management,0,0,0,0,0,0,0,0,0,0,0.2,0.4,1.3,1.1,1.2,1.2,1.9,,63,0
Other IT & Computer Services,1.5,1.2,1,1.6,1.5,1.4,1.1,1.2,1.1,0.8,0.8,0.7,1.1,1.4,1.2,1.4,1.4,,-1,16
Financial Services,0.9,1,1,1.2,0.9,0.8,1.1,0.9,0.9,0.8,0.7,0.6,0.8,1,1,1,0.9,,-16,-6
Business Services,1.7,1.3,1.2,1.2,1.2,1,1.2,1.4,0.9,0.8,1,1.2,0.9,1,1,1.2,1.1,,-5,-19
Education,0.7,1.4,1.3,0.8,0.2,0.7,3.7,2.7,5.6,3.4,2.3,2.6,2.5,3.2,4.9,0.7,0.8,,14,-72
Other Services,3.2,2.7,1,1.5,1.3,1,0.8,0.9,0.8,1,1.1,1.1,1.3,1,0.9,0.9,1.2,,35,39
Sub Total,2.5,1.8,1.3,1.2,1.2,1.2,1.3,1.4,1.1,1,1.1,1.2,1.1,1.1,1.1,1.1,1.1,,-2,-22
,,,,,,,,,,,,,,,,,,,,
Grand Total - All Sectors,1.6,1.4,1.2,1.2,1.1,1.2,1.1,1.3,1.2,1.1,1.1,1.1,1.1,1.1,1.1,1.1,1.1,,1.1,-15
,,,,,,,,,,,,,,,,,,,,
"Table 19: Direct Expenditure in the Irish Economy  (Payroll, Irish Materials, Irish Services)",,,,,,,,,,,,,,,,,,,,
,,,,,,,,,,,,,,,,,,,% Change,
,2000,2001,2002,2003,2004,2005,2006,2007,2008,2009,2010,2011,2012,2013,2014,2015,2016,,15/16,Jul-16
Manufacturing & Other Industry (including Primary Production),€ m,€ m,€ m,€ m,€ m,€ m,€ m,€ m,€ m,€ m,€ m,€ m,€ m,€ m,€ m,€ m,€ m,,%,%
"Agriculture, Fishing, Forestry, Mining & Quarrying",340,393,452,405,315,256,350,288,277,272,272,287,258,268,313,305,312,,2,8
"Food, Drink & Tobacco","7,554","8,024","7,645","7,152","7,367","7,697","7,710","8,416","8,229","6,889","7,405","8,408","8,527","9,208","9,571","9,739","9,625",,-1,14
"Textiles, Clothing, Footware & Leather",294,297,289,188,154,133,141,151,124,115,105,119,124,120,126,134,138,,3,-9
Wood & Wood Products,423,598,502,572,583,546,487,448,349,276,276,387,336,485,643,758,685,,-10,53
Paper & Printing,375,390,381,350,336,305,330,335,313,271,241,312,293,300,318,350,333,,-5,-1
Chemicals,173,208,255,194,206,235,245,242,230,189,201,233,269,239,256,281,296,,5,22
Rubber & Plastics,270,284,320,317,303,322,313,337,329,259,248,260,260,287,284,290,317,,9,-6
Non-Metalic Minerals,907,"1,009",933,971,"1,085","1,056","1,183","1,243","1,037",725,599,580,573,635,798,873,867,,-1,-30
Basic & Fabricated Metal Products,571,565,560,598,586,627,701,699,781,557,461,494,458,499,582,643,725,,13,4
"Computer, Electronic & Optical Products",274,301,260,301,225,255,268,323,252,232,226,223,256,245,256,263,284,,8,-12
Electrical equipment,179,184,171,177,177,172,189,170,192,170,160,197,197,208,240,276,296,,7,74
Machinery & Equipment,400,403,390,378,406,420,476,522,540,421,404,438,480,503,554,582,611,,5,17
Transport Equipment,65,51,76,56,52,53,66,61,60,48,53,74,66,69,76,84,94,,12,54
Medical Device Manufacturing,15,17,20,21,17,8,11,31,29,29,33,36,49,56,62,69,84,,22,172
Other Misc. Manufacturing,320,348,359,406,423,369,406,379,395,254,197,199,209,204,240,297,338,,14,-11
Sub Total,"12,160","13,073","12,616","12,085","12,235","12,455","12,875","13,644","13,137","10,707","10,882","12,246","12,356","13,325","14,320","14,945","15,004",,0,10
"Energy, Water, Waste & Construction",,,,,,,,,,,,,,,,,,,,
Energy,0,0,0,0,0,0,7,9,10,13,38,38,41,37,35,40,48,,21,464
Recycling & Waste,18,40,18,19,47,72,211,260,208,229,259,325,318,161,189,197,207,,5,-21
Construction (Excl. EI Amendments),438,462,495,498,581,674,757,763,842,571,348,151,191,268,355,415,446,,7,-41
Construction (EI Amendments),"1,598","1,616","1,767","1,604","1,890","2,090","2,396","2,532","3,213","2,491","1,653","1,432","1,316","1,532","1,688","1,949","2,346",,20,-7
Sub Total,"2,054","2,117","2,281","2,122","2,518","2,837","3,371","3,563","4,272","3,305","2,299","1,946","1,866","1,997","2,267","2,601","3,047",,17,-14
"Information, Communications & Other Services",,,,,,,,,,,,,,,,,,,,
"Publishing, Broadcasting & Telecommunications",140,142,123,111,100,120,155,239,194,184,240,265,278,300,362,444,449,,1,88
     Computer Programming,0,3,3,5,3,4,4,6,7,13,22,30,52,47,62,77,79,,3,"1,330"
     Computer Consultancy,720,864,695,594,648,699,766,757,793,676,692,776,793,827,878,977,"1,037",,6,37
     Computer Facilities Management,0,0,0,0,0,0,0,0,0,0,1,1,2,2,7,8,10,,24,0
Other IT & Computer Services,116,130,89,76,70,72,63,65,90,162,169,200,250,251,311,330,349,,6,436
Financial Services,86,72,110,122,162,207,210,258,317,299,349,376,312,307,337,389,375,,-4,46
Business Services,328,492,673,642,603,671,793,748,"1,268","1,140","1,092",999,"1,110","1,160","1,379","1,589","1,866",,17,150
Education,40,167,94,76,40,49,23,19,25,25,31,35,30,55,59,65,67,,3,243
Other Services,431,387,128,109,131,140,202,361,437,292,306,396,566,515,552,576,631,,9,75
Sub Total,"1,861","2,258","1,915","1,734","1,758","1,962","2,216","2,453","3,130","2,791","2,903","3,078","3,392","3,464","3,947","4,455","4,863",,9,98
,,,,,,,,,,,,,,,,,,,,
Grand Total - All Sectors,"16,074","17,448","16,812","15,941","16,511","17,253","18,462","19,660","20,539","16,803","16,084","17,270","17,613","18,787","20,534","22,001","22,914",,4.1,16.6
